Issue Key,Date,Status
FU-535,2025-04-19,OPEN
FU-535,2025-04-19,In Progress
FU-535,2025-04-19,APPLE REVIEW
FU-534,2025-04-19,OPEN
FU-533,2025-04-18,OPEN
FU-533,2025-04-18,APPROVED
FU-532,2025-04-18,OPEN
FU-532,2025-04-18,APPROVED
FU-531,2025-04-18,OPEN
FU-531,2025-04-18,APPROVED
FU-530,2025-04-18,OPEN
FU-530,2025-04-18,APPROVED
FU-529,2025-04-18,OPEN
FU-529,2025-04-18,APPROVED
FU-528,2025-04-18,OPEN
FU-528,2025-04-18,APPROVED
FU-527,2025-04-18,OPEN
FU-527,2025-04-18,APPROVED
FU-526,2025-04-18,OPEN
FU-526,2025-04-18,APPROVED
FU-524,2025-04-17,OPEN
FU-524,2025-04-17,APPROVED
FU-523,2025-04-17,OPEN
FU-523,2025-04-17,APPROVED
FU-522,2025-04-17,OPEN
FU-522,2025-04-17,APPROVED
FU-521,2025-04-17,OPEN
FU-521,2025-04-17,In Progress
FU-521,2025-04-17,APPLE REVIEW
FU-521,2025-04-17,APPROVED
FU-521,2025-04-17,WAITING TO INTEGRATE
FU-521,2025-04-18,INTEGRATED SDK
FU-520,2025-04-16,OPEN
FU-520,2025-04-16,In Progress
FU-520,2025-04-16,APPLE REVIEW
FU-520,2025-04-16,PENDING
FU-520,2025-04-16,In Progress
FU-519,2025-04-16,OPEN
FU-519,2025-04-16,In Progress
FU-519,2025-04-16,APPROVED
FU-519,2025-04-16,WAITING TO INTEGRATE
FU-519,2025-04-16,INTEGRATED SDK
FU-519,2025-04-17,APPROVED WITH SDK
FU-518,2025-04-16,OPEN
FU-518,2025-04-16,In Progress
FU-517,2025-04-15,OPEN
FU-517,2025-04-15,In Progress
FU-517,2025-04-15,APPLE REVIEW
FU-516,2025-04-15,OPEN
FU-516,2025-04-15,In Progress
FU-515,2025-04-15,OPEN
FU-515,2025-04-15,In Progress
FU-515,2025-04-15,APPLE REVIEW
FU-514,2025-04-15,OPEN
FU-514,2025-04-15,In Progress
FU-514,2025-04-15,APPLE REVIEW
FU-513,2025-04-15,OPEN
FU-513,2025-04-15,In Progress
FU-513,2025-04-15,APPLE REVIEW
FU-512,2025-04-15,OPEN
FU-512,2025-04-15,In Progress
FU-512,2025-04-15,APPLE REVIEW
FU-511,2025-04-15,OPEN
FU-511,2025-04-15,In Progress
FU-511,2025-04-15,APPLE REVIEW
FU-510,2025-04-15,OPEN
FU-510,2025-04-15,In Progress
FU-510,2025-04-15,APPLE REVIEW
FU-509,2025-04-15,OPEN
FU-509,2025-04-15,In Progress
FU-509,2025-04-16,APPLE REVIEW
FU-508,2025-04-15,OPEN
FU-508,2025-04-15,APPROVED
FU-507,2025-04-15,OPEN
FU-506,2025-04-15,OPEN
FU-506,2025-04-15,In Progress
FU-506,2025-04-15,APPLE REVIEW
FU-506,2025-04-15,APPROVED
FU-506,2025-04-15,WAITING TO INTEGRATE
FU-505,2025-04-14,OPEN
FU-504,2025-04-14,OPEN
FU-504,2025-04-14,In Progress
FU-504,2025-04-14,APPLE REVIEW
FU-503,2025-04-14,OPEN
FU-503,2025-04-14,READY TO TEST
FU-503,2025-04-14,QC PASSED-WARN
FU-502,2025-04-14,OPEN
FU-502,2025-04-14,READY TO TEST
FU-502,2025-04-14,QC PASSED-WARN
FU-501,2025-04-14,OPEN
FU-501,2025-04-14,READY TO TEST
FU-501,2025-04-14,QC PASSED-WARN
FU-500,2025-04-13,OPEN
FU-500,2025-04-16,APPROVED
FU-499,2025-04-11,OPEN
FU-499,2025-04-11,APPROVED
FU-499,2025-04-17,WAITING TO INTEGRATE
FU-498,2025-04-10,OPEN
FU-498,2025-04-10,APPROVED
FU-498,2025-04-17,WAITING TO INTEGRATE
FU-497,2025-04-10,OPEN
FU-497,2025-04-10,In Progress
FU-496,2025-04-10,OPEN
FU-496,2025-04-10,In Progress
FU-495,2025-04-09,OPEN
FU-495,2025-04-09,APPROVED
FU-495,2025-04-17,WAITING TO INTEGRATE
FU-494,2025-04-09,OPEN
FU-494,2025-04-09,APPROVED
FU-494,2025-04-17,WAITING TO INTEGRATE
FU-493,2025-04-09,OPEN
FU-493,2025-04-09,APPROVED
FU-493,2025-04-17,WAITING TO INTEGRATE
FU-492,2025-04-09,OPEN
FU-492,2025-04-09,APPROVED
FU-492,2025-04-17,WAITING TO INTEGRATE
FU-491,2025-04-09,OPEN
FU-491,2025-04-09,APPROVED
FU-491,2025-04-17,WAITING TO INTEGRATE
FU-490,2025-04-09,OPEN
FU-490,2025-04-09,APPROVED
FU-489,2025-04-07,OPEN
FU-489,2025-04-07,In Progress
FU-489,2025-04-10,APPLE REVIEW
FU-489,2025-04-10,REJECTED
FU-488,2025-04-07,OPEN
FU-488,2025-04-07,In Progress
FU-488,2025-04-16,APPLE REVIEW
FU-488,2025-04-16,APPROVED
FU-488,2025-04-16,WAITING TO INTEGRATE
FU-488,2025-04-16,INTEGRATED SDK
FU-488,2025-04-16,APPROVED WITH SDK
FU-487,2025-04-07,OPEN
FU-487,2025-04-07,In Progress
FU-487,2025-04-07,APPLE REVIEW
FU-487,2025-04-09,APPROVED
FU-487,2025-04-09,WAITING TO INTEGRATE
FU-487,2025-04-16,INTEGRATED SDK
FU-487,2025-04-16,APPROVED WITH SDK
FU-486,2025-04-07,OPEN
FU-486,2025-04-07,APPROVED
FU-486,2025-04-14,WAITING TO INTEGRATE
FU-485,2025-04-07,OPEN
FU-485,2025-04-07,APPROVED
FU-485,2025-04-14,WAITING TO INTEGRATE
FU-484,2025-04-07,OPEN
FU-484,2025-04-07,APPROVED
FU-484,2025-04-14,WAITING TO INTEGRATE
FU-483,2025-04-07,OPEN
FU-483,2025-04-07,APPROVED
FU-483,2025-04-14,WAITING TO INTEGRATE
FU-482,2025-04-07,OPEN
FU-482,2025-04-07,APPROVED
FU-482,2025-04-14,WAITING TO INTEGRATE
FU-482,2025-04-17,APPROVED
FU-482,2025-04-18,WAITING TO INTEGRATE
FU-482,2025-04-18,INTEGRATED SDK
FU-482,2025-04-18,APPROVED WITH SDK
FU-481,2025-04-07,OPEN
FU-481,2025-04-07,APPROVED
FU-481,2025-04-14,WAITING TO INTEGRATE
FU-480,2025-04-07,OPEN
FU-480,2025-04-07,APPROVED
FU-480,2025-04-11,WAITING TO INTEGRATE
FU-480,2025-04-17,APPROVED
FU-480,2025-04-17,In Progress
FU-480,2025-04-17,APPLE REVIEW
FU-480,2025-04-17,APPROVED
FU-480,2025-04-18,WAITING TO INTEGRATE
FU-480,2025-04-18,INTEGRATED SDK
FU-480,2025-04-18,APPROVED WITH SDK
FU-479,2025-04-07,OPEN
FU-479,2025-04-07,APPROVED
FU-479,2025-04-11,WAITING TO INTEGRATE
FU-479,2025-04-16,APPROVED
FU-479,2025-04-16,In Progress
FU-479,2025-04-16,APPLE REVIEW
FU-479,2025-04-17,APPROVED
FU-479,2025-04-17,In Progress
FU-479,2025-04-17,OPEN
FU-479,2025-04-17,In Progress
FU-478,2025-04-07,OPEN
FU-478,2025-04-07,APPROVED
FU-478,2025-04-11,WAITING TO INTEGRATE
FU-477,2025-04-07,OPEN
FU-477,2025-04-07,APPROVED
FU-477,2025-04-11,WAITING TO INTEGRATE
FU-476,2025-04-07,OPEN
FU-476,2025-04-07,In Progress
FU-476,2025-04-10,APPLE REVIEW
FU-476,2025-04-10,REJECTED
FU-475,2025-04-06,OPEN
FU-475,2025-04-13,In Progress
FU-475,2025-04-19,APPLE REVIEW
FU-475,2025-04-19,APPROVED
FU-471,2025-04-06,OPEN
FU-471,2025-04-06,APPROVED
FU-471,2025-04-10,WAITING TO INTEGRATE
FU-471,2025-04-12,INTEGRATED SDK
FU-471,2025-04-12,APPROVED WITH SDK
FU-470,2025-04-06,OPEN
FU-470,2025-04-06,APPROVED
FU-470,2025-04-10,WAITING TO INTEGRATE
FU-470,2025-04-11,INTEGRATED SDK
FU-470,2025-04-16,REJECTED
FU-470,2025-04-16,In Progress
FU-470,2025-04-16,APPLE REVIEW
FU-470,2025-04-16,APPROVED
FU-470,2025-04-16,WAITING TO INTEGRATE
FU-470,2025-04-16,INTEGRATED SDK
FU-469,2025-04-06,OPEN
FU-469,2025-04-06,APPROVED
FU-469,2025-04-10,WAITING TO INTEGRATE
FU-469,2025-04-15,INTEGRATED SDK
FU-469,2025-04-15,APPROVED WITH SDK
FU-468,2025-04-06,OPEN
FU-468,2025-04-06,APPROVED
FU-468,2025-04-10,WAITING TO INTEGRATE
FU-468,2025-04-15,INTEGRATED SDK
FU-468,2025-04-15,APPROVED WITH SDK
FU-467,2025-04-06,OPEN
FU-467,2025-04-06,APPROVED
FU-467,2025-04-09,WAITING TO INTEGRATE
FU-467,2025-04-14,APPROVED
FU-467,2025-04-14,WAITING TO INTEGRATE
FU-467,2025-04-14,INTEGRATED SDK
FU-467,2025-04-14,APPROVED WITH SDK
FU-466,2025-04-06,OPEN
FU-466,2025-04-10,In Progress
FU-466,2025-04-10,APPLE REVIEW
FU-466,2025-04-10,REJECTED
FU-465,2025-04-06,OPEN
FU-465,2025-04-06,In Progress
FU-464,2025-04-06,OPEN
FU-464,2025-04-11,APPROVED
FU-464,2025-04-11,WAITING TO INTEGRATE
FU-464,2025-04-15,APPROVED
FU-464,2025-04-15,In Progress
FU-464,2025-04-15,APPLE REVIEW
FU-464,2025-04-16,APPROVED
FU-464,2025-04-17,WAITING TO INTEGRATE
FU-464,2025-04-17,INTEGRATED SDK
FU-464,2025-04-17,APPROVED WITH SDK
FU-463,2025-04-06,OPEN
FU-463,2025-04-07,APPROVED
FU-463,2025-04-07,In Progress
FU-463,2025-04-10,APPROVED
FU-463,2025-04-10,WAITING TO INTEGRATE
FU-463,2025-04-10,INTEGRATED SDK
FU-463,2025-04-11,APPROVED WITH SDK
FU-463,2025-04-18,READY TO TEST
FU-463,2025-04-18,QC Passed
FU-463,2025-04-18,OnLP
FU-462,2025-04-06,OPEN
FU-462,2025-04-11,APPROVED
FU-462,2025-04-11,WAITING TO INTEGRATE
FU-462,2025-04-15,APPROVED
FU-462,2025-04-15,In Progress
FU-462,2025-04-15,APPLE REVIEW
FU-462,2025-04-16,APPROVED
FU-462,2025-04-17,WAITING TO INTEGRATE
FU-462,2025-04-17,INTEGRATED SDK
FU-462,2025-04-17,APPROVED WITH SDK
FU-461,2025-04-05,OPEN
FU-461,2025-04-07,In Progress
FU-461,2025-04-07,APPLE REVIEW
FU-461,2025-04-07,REJECTED
FU-460,2025-04-05,OPEN
FU-460,2025-04-05,In Progress
FU-460,2025-04-07,APPLE REVIEW
FU-460,2025-04-07,REJECTED
FU-459,2025-04-04,OPEN
FU-459,2025-04-04,OnLP
FU-459,2025-04-14,QC Passed
FU-459,2025-04-14,READY TO TEST
FU-459,2025-04-14,QC PASSED-WARN
FU-458,2025-04-04,OPEN
FU-457,2025-04-04,OPEN
FU-457,2025-04-11,APPROVED
FU-457,2025-04-11,WAITING TO INTEGRATE
FU-457,2025-04-15,APPROVED
FU-457,2025-04-15,In Progress
FU-457,2025-04-15,APPLE REVIEW
FU-457,2025-04-17,APPROVED
FU-457,2025-04-17,WAITING TO INTEGRATE
FU-456,2025-04-04,OPEN
FU-456,2025-04-10,APPROVED
FU-456,2025-04-10,WAITING TO INTEGRATE
FU-456,2025-04-15,APPROVED
FU-456,2025-04-15,In Progress
FU-456,2025-04-15,APPLE REVIEW
FU-456,2025-04-16,APPROVED
FU-456,2025-04-16,In Progress
FU-456,2025-04-16,OPEN
FU-455,2025-04-03,OPEN
FU-455,2025-04-15,In Progress
FU-455,2025-04-16,APPLE REVIEW
FU-455,2025-04-17,APPROVED
FU-455,2025-04-17,WAITING TO INTEGRATE
FU-454,2025-04-03,OPEN
FU-454,2025-04-10,APPROVED
FU-454,2025-04-10,WAITING TO INTEGRATE
FU-454,2025-04-14,APPROVED
FU-454,2025-04-14,In Progress
FU-454,2025-04-14,APPLE REVIEW
FU-454,2025-04-15,APPROVED
FU-453,2025-04-03,OPEN
FU-453,2025-04-11,APPROVED
FU-453,2025-04-11,WAITING TO INTEGRATE
FU-453,2025-04-14,APPROVED
FU-453,2025-04-14,In Progress
FU-453,2025-04-14,APPLE REVIEW
FU-453,2025-04-14,APPROVED
FU-453,2025-04-15,WAITING TO INTEGRATE
FU-453,2025-04-15,INTEGRATED SDK
FU-453,2025-04-15,APPROVED WITH SDK
FU-452,2025-04-03,OPEN
FU-452,2025-04-10,APPROVED
FU-452,2025-04-10,WAITING TO INTEGRATE
FU-452,2025-04-15,INTEGRATED SDK
FU-451,2025-04-03,OPEN
FU-451,2025-04-11,APPROVED
FU-451,2025-04-11,WAITING TO INTEGRATE
FU-451,2025-04-15,INTEGRATED SDK
FU-451,2025-04-16,APPROVED WITH SDK
FU-450,2025-04-02,OPEN
FU-450,2025-04-03,In Progress
FU-450,2025-04-03,APPROVED
FU-450,2025-04-08,WAITING TO INTEGRATE
FU-450,2025-04-08,INTEGRATED SDK
FU-450,2025-04-09,REJECTED
FU-450,2025-04-09,In Progress
FU-450,2025-04-09,APPLE REVIEW
FU-450,2025-04-09,APPROVED
FU-450,2025-04-09,WAITING TO INTEGRATE
FU-450,2025-04-09,INTEGRATED SDK
FU-450,2025-04-09,APPROVED WITH SDK
FU-449,2025-04-02,OPEN
FU-449,2025-04-02,In Progress
FU-449,2025-04-02,APPLE REVIEW
FU-449,2025-04-03,APPROVED
FU-449,2025-04-03,TERMINATED
FU-448,2025-04-02,OPEN
FU-448,2025-04-05,In Progress
FU-448,2025-04-06,APPLE REVIEW
FU-448,2025-04-07,APPROVED
FU-448,2025-04-07,WAITING TO INTEGRATE
FU-448,2025-04-07,INTEGRATED SDK
FU-448,2025-04-07,APPROVED WITH SDK
FU-447,2025-04-02,OPEN
FU-447,2025-04-05,In Progress
FU-447,2025-04-06,APPLE REVIEW
FU-447,2025-04-07,APPROVED
FU-447,2025-04-07,WAITING TO INTEGRATE
FU-447,2025-04-07,INTEGRATED SDK
FU-447,2025-04-07,APPROVED WITH SDK
FU-447,2025-04-17,READY TO TEST
FU-447,2025-04-17,QC Passed
FU-447,2025-04-18,Cancelled
FU-447,2025-04-18,READY TO TEST
FU-447,2025-04-18,QC FAILED
FU-446,2025-04-02,OPEN
FU-445,2025-04-02,OPEN
FU-445,2025-04-10,APPROVED
FU-445,2025-04-10,WAITING TO INTEGRATE
FU-445,2025-04-15,INTEGRATED SDK
FU-445,2025-04-18,APPROVED WITH SDK
FU-444,2025-04-02,OPEN
FU-443,2025-04-02,OPEN
FU-443,2025-04-10,APPROVED
FU-443,2025-04-10,WAITING TO INTEGRATE
FU-443,2025-04-14,APPROVED
FU-443,2025-04-14,In Progress
FU-443,2025-04-14,APPLE REVIEW
FU-443,2025-04-14,APPROVED
FU-443,2025-04-15,WAITING TO INTEGRATE
FU-443,2025-04-15,INTEGRATED SDK
FU-443,2025-04-15,APPROVED WITH SDK
FU-442,2025-04-02,OPEN
FU-442,2025-04-09,APPROVED
FU-442,2025-04-09,WAITING TO INTEGRATE
FU-442,2025-04-12,INTEGRATED SDK
FU-442,2025-04-15,APPROVED WITH SDK
FU-441,2025-04-02,OPEN
FU-441,2025-04-02,In Progress
FU-441,2025-04-08,APPLE REVIEW
FU-441,2025-04-08,APPROVED
FU-441,2025-04-08,WAITING TO INTEGRATE
FU-441,2025-04-08,INTEGRATED SDK
FU-441,2025-04-09,APPROVED
FU-441,2025-04-09,In Progress
FU-441,2025-04-09,APPLE REVIEW
FU-441,2025-04-09,APPROVED
FU-441,2025-04-09,WAITING TO INTEGRATE
FU-441,2025-04-09,INTEGRATED SDK
FU-441,2025-04-09,APPROVED WITH SDK
FU-439,2025-03-27,OPEN
FU-439,2025-03-27,In Progress
FU-439,2025-04-07,APPLE REVIEW
FU-439,2025-04-07,REJECTED
FU-439,2025-04-07,In Progress
FU-438,2025-03-27,OPEN
FU-438,2025-03-27,In Progress
FU-438,2025-03-27,APPLE REVIEW
FU-437,2025-03-26,OPEN
FU-437,2025-03-26,In Progress
FU-437,2025-03-28,OPEN
FU-437,2025-04-02,In Progress
FU-437,2025-04-02,APPLE REVIEW
FU-437,2025-04-02,APPROVED
FU-437,2025-04-02,APPROVED WITH SDK
FU-437,2025-04-02,TERMINATED
FU-436,2025-03-26,OPEN
FU-436,2025-03-26,In Progress
FU-436,2025-03-27,APPLE REVIEW
FU-436,2025-03-28,APPROVED
FU-436,2025-03-28,In Progress
FU-436,2025-03-28,APPLE REVIEW
FU-436,2025-04-02,APPROVED
FU-436,2025-04-02,APPROVED WITH SDK
FU-436,2025-04-05,READY TO TEST
FU-436,2025-04-05,QC Passed
FU-436,2025-04-05,OnLP
FU-436,2025-04-05,Gone
FU-436,2025-04-13,READY TO TEST
FU-436,2025-04-13,QC Passed
FU-436,2025-04-13,OnLP
FU-435,2025-03-26,OPEN
FU-435,2025-03-26,In Progress
FU-435,2025-03-27,APPLE REVIEW
FU-435,2025-03-28,APPROVED
FU-435,2025-03-28,In Progress
FU-435,2025-04-02,APPLE REVIEW
FU-435,2025-04-02,APPROVED
FU-435,2025-04-02,APPROVED WITH SDK
FU-435,2025-04-02,TERMINATED
FU-434,2025-03-26,OPEN
FU-434,2025-03-26,In Progress
FU-434,2025-03-27,APPLE REVIEW
FU-434,2025-03-27,APPROVED
FU-434,2025-03-28,In Progress
FU-434,2025-03-28,APPLE REVIEW
FU-434,2025-04-02,APPROVED
FU-434,2025-04-02,APPROVED WITH SDK
FU-434,2025-04-11,Gone
FU-433,2025-03-26,OPEN
FU-433,2025-03-26,In Progress
FU-432,2025-03-25,OPEN
FU-432,2025-03-25,In Progress
FU-432,2025-03-28,OPEN
FU-432,2025-04-11,In Progress
FU-432,2025-04-11,OPEN
FU-431,2025-03-24,OPEN
FU-431,2025-03-24,In Progress
FU-431,2025-03-31,APPLE REVIEW
FU-431,2025-04-01,APPROVED
FU-431,2025-04-04,APPROVED WITH SDK
FU-431,2025-04-11,READY TO TEST
FU-431,2025-04-11,QC Passed
FU-431,2025-04-11,OnLP
FU-430,2025-03-24,OPEN
FU-430,2025-03-24,In Progress
FU-430,2025-04-03,APPLE REVIEW
FU-430,2025-04-03,REJECTED
FU-430,2025-04-04,In Progress
FU-430,2025-04-05,APPLE REVIEW
FU-430,2025-04-06,REJECTED
FU-430,2025-04-10,In Progress
FU-430,2025-04-10,APPROVED
FU-430,2025-04-10,WAITING TO INTEGRATE
FU-430,2025-04-10,INTEGRATED SDK
FU-430,2025-04-13,REJECTED
FU-430,2025-04-13,In Progress
FU-430,2025-04-13,APPLE REVIEW
FU-430,2025-04-16,REJECTED
FU-429,2025-03-22,OPEN
FU-429,2025-03-25,In Progress
FU-429,2025-03-25,READY TO TEST
FU-429,2025-03-25,QC PASSED-WARN
FU-428,2025-03-22,OPEN
FU-428,2025-03-25,READY TO TEST
FU-428,2025-03-25,QC PASSED-WARN
FU-428,2025-03-25,OnLP
FU-427,2025-03-22,OPEN
FU-427,2025-03-22,OnLP
FU-427,2025-04-13,QC Passed
FU-427,2025-04-14,READY TO TEST
FU-427,2025-04-14,QC PASSED-WARN
FU-426,2025-03-22,OPEN
FU-426,2025-03-25,READY TO TEST
FU-426,2025-03-25,QC PASSED-WARN
FU-426,2025-03-25,OnLP
FU-426,2025-04-13,QC Passed
FU-426,2025-04-14,READY TO TEST
FU-426,2025-04-14,QC PASSED-WARN
FU-425,2025-03-22,OPEN
FU-425,2025-03-22,In Progress
FU-424,2025-03-17,TO-DO
FU-424,2025-03-17,In Progress
FU-424,2025-04-19,APPLE REVIEW
FU-424,2025-04-19,APPROVED
FU-423,2025-03-10,TO-DO
FU-423,2025-03-10,In Progress
FU-423,2025-03-19,IN REVIEW
FU-423,2025-03-19,In Progress
FU-423,2025-04-13,APPROVED
FU-423,2025-04-19,In Progress
FU-423,2025-04-19,APPLE REVIEW
FU-422,2025-03-06,TO-DO
FU-422,2025-03-06,In Progress
FU-422,2025-03-29,APPLE REVIEW
FU-421,2025-02-24,TO-DO
FU-421,2025-02-24,IN PROGRESS
FU-421,2025-03-05,IN REVIEW
FU-421,2025-03-20,APPLE REVIEW
FU-421,2025-03-20,REJECTED
FU-421,2025-03-20,TERMINATED
FU-420,2025-03-20,OPEN
FU-420,2025-04-08,In Progress
FU-420,2025-04-08,APPLE REVIEW
FU-420,2025-04-10,APPROVED
FU-420,2025-04-10,WAITING TO INTEGRATE
FU-420,2025-04-10,INTEGRATED SDK
FU-420,2025-04-10,REJECTED
FU-420,2025-04-10,In Progress
FU-420,2025-04-11,APPROVED
FU-420,2025-04-11,WAITING TO INTEGRATE
FU-420,2025-04-11,INTEGRATED SDK
FU-420,2025-04-14,APPROVED WITH SDK
FU-419,2025-03-20,OPEN
FU-419,2025-04-05,In Progress
FU-419,2025-04-06,APPLE REVIEW
FU-419,2025-04-08,APPROVED
FU-418,2025-03-20,OPEN
FU-418,2025-04-08,In Progress
FU-418,2025-04-08,APPLE REVIEW
FU-418,2025-04-10,APPROVED
FU-418,2025-04-11,WAITING TO INTEGRATE
FU-418,2025-04-11,INTEGRATED SDK
FU-418,2025-04-11,APPROVED WITH SDK
FU-417,2025-03-20,OPEN
FU-417,2025-04-05,In Progress
FU-417,2025-04-06,APPLE REVIEW
FU-417,2025-04-08,APPROVED
FU-417,2025-04-09,WAITING TO INTEGRATE
FU-417,2025-04-09,INTEGRATED SDK
FU-417,2025-04-09,APPROVED WITH SDK
FU-416,2025-03-20,OPEN
FU-416,2025-04-08,In Progress
FU-416,2025-04-08,APPLE REVIEW
FU-416,2025-04-09,APPROVED
FU-416,2025-04-09,WAITING TO INTEGRATE
FU-416,2025-04-09,INTEGRATED SDK
FU-416,2025-04-18,Gone
FU-415,2025-03-19,OPEN
FU-415,2025-04-08,In Progress
FU-415,2025-04-08,OPEN
FU-414,2025-03-19,OPEN
FU-414,2025-04-08,In Progress
FU-414,2025-04-08,OPEN
FU-414,2025-04-08,In Progress
FU-414,2025-04-08,OPEN
FU-414,2025-04-14,In Progress
FU-414,2025-04-14,OPEN
FU-413,2025-03-18,OPEN
FU-413,2025-04-04,In Progress
FU-413,2025-04-05,OPEN
FU-413,2025-04-07,In Progress
FU-413,2025-04-10,APPLE REVIEW
FU-413,2025-04-14,APPROVED
FU-413,2025-04-14,WAITING TO INTEGRATE
FU-413,2025-04-14,INTEGRATED SDK
FU-413,2025-04-14,APPROVED WITH SDK
FU-412,2025-03-17,OPEN
FU-412,2025-04-04,In Progress
FU-412,2025-04-05,APPLE REVIEW
FU-412,2025-04-08,APPROVED
FU-412,2025-04-09,WAITING TO INTEGRATE
FU-412,2025-04-09,INTEGRATED SDK
FU-412,2025-04-09,APPROVED WITH SDK
FU-411,2025-03-17,OPEN
FU-411,2025-04-04,In Progress
FU-411,2025-04-05,APPLE REVIEW
FU-411,2025-04-08,APPROVED
FU-411,2025-04-09,WAITING TO INTEGRATE
FU-411,2025-04-09,INTEGRATED SDK
FU-411,2025-04-09,APPROVED WITH SDK
FU-410,2025-03-17,OPEN
FU-410,2025-04-04,In Progress
FU-410,2025-04-05,APPLE REVIEW
FU-410,2025-04-08,APPROVED
FU-410,2025-04-09,In Progress
FU-410,2025-04-09,APPLE REVIEW
FU-410,2025-04-09,REJECTED
FU-409,2025-03-17,OPEN
FU-409,2025-04-04,In Progress
FU-409,2025-04-05,APPLE REVIEW
FU-409,2025-04-08,APPROVED
FU-409,2025-04-08,In Progress
FU-409,2025-04-08,OPEN
FU-409,2025-04-09,In Progress
FU-409,2025-04-09,APPLE REVIEW
FU-409,2025-04-11,APPROVED
FU-409,2025-04-14,WAITING TO INTEGRATE
FU-409,2025-04-14,INTEGRATED SDK
FU-409,2025-04-14,APPROVED WITH SDK
FU-408,2025-03-17,OPEN
FU-408,2025-04-04,In Progress
FU-408,2025-04-05,APPLE REVIEW
FU-408,2025-04-06,REJECTED
FU-408,2025-04-06,APPROVED
FU-408,2025-04-07,WAITING TO INTEGRATE
FU-408,2025-04-07,INTEGRATED SDK
FU-408,2025-04-07,APPROVED WITH SDK
FU-408,2025-04-13,READY TO TEST
FU-408,2025-04-13,QC Passed
FU-408,2025-04-13,OnLP
FU-407,2025-03-17,OPEN
FU-407,2025-04-03,In Progress
FU-407,2025-04-05,OPEN
FU-407,2025-04-08,In Progress
FU-407,2025-04-08,APPLE REVIEW
FU-407,2025-04-09,APPROVED
FU-407,2025-04-09,WAITING TO INTEGRATE
FU-406,2025-03-17,OPEN
FU-406,2025-04-02,In Progress
FU-406,2025-04-05,OPEN
FU-406,2025-04-11,In Progress
FU-406,2025-04-11,OPEN
FU-406,2025-04-14,In Progress
FU-405,2025-03-17,OPEN
FU-405,2025-04-02,In Progress
FU-405,2025-04-05,TERMINATED
FU-404,2025-03-17,OPEN
FU-404,2025-04-02,In Progress
FU-404,2025-04-05,APPLE REVIEW
FU-404,2025-04-05,APPROVED
FU-404,2025-04-07,In Progress
FU-404,2025-04-07,APPLE REVIEW
FU-404,2025-04-07,REJECTED
FU-403,2025-03-17,OPEN
FU-403,2025-04-02,In Progress
FU-403,2025-04-08,OPEN
FU-402,2025-03-17,OPEN
FU-402,2025-03-25,In Progress
FU-402,2025-03-26,APPLE REVIEW
FU-402,2025-03-26,APPROVED
FU-402,2025-03-26,APPROVED WITH SDK
FU-402,2025-04-11,READY TO TEST
FU-402,2025-04-11,QC Passed
FU-402,2025-04-11,READY TO TEST
FU-402,2025-04-11,QC Passed
FU-402,2025-04-11,OnLP
FU-401,2025-03-17,OPEN
FU-401,2025-03-25,In Progress
FU-401,2025-03-26,APPLE REVIEW
FU-401,2025-03-26,APPROVED
FU-401,2025-03-26,APPROVED WITH SDK
FU-400,2025-03-17,OPEN
FU-400,2025-03-25,In Progress
FU-400,2025-03-25,APPLE REVIEW
FU-400,2025-03-25,APPROVED
FU-400,2025-03-25,APPROVED WITH SDK
FU-399,2025-03-17,OPEN
FU-399,2025-03-25,In Progress
FU-399,2025-03-26,APPLE REVIEW
FU-399,2025-03-26,APPROVED
FU-399,2025-03-28,In Progress
FU-399,2025-03-28,APPLE REVIEW
FU-399,2025-04-02,APPROVED
FU-399,2025-04-02,APPROVED WITH SDK
FU-398,2025-03-17,OPEN
FU-398,2025-03-25,In Progress
FU-398,2025-03-26,APPLE REVIEW
FU-398,2025-03-27,REJECTED
FU-397,2025-03-17,OPEN
FU-397,2025-03-25,In Progress
FU-397,2025-03-26,APPLE REVIEW
FU-397,2025-03-27,APPROVED
FU-397,2025-03-28,In Progress
FU-397,2025-03-28,APPLE REVIEW
FU-397,2025-04-02,APPROVED
FU-397,2025-04-03,APPROVED WITH SDK
FU-396,2025-03-17,OPEN
FU-396,2025-03-25,In Progress
FU-396,2025-03-26,APPLE REVIEW
FU-396,2025-03-27,APPROVED
FU-396,2025-03-28,In Progress
FU-396,2025-03-28,APPLE REVIEW
FU-396,2025-04-02,APPROVED
FU-396,2025-04-03,APPROVED WITH SDK
FU-396,2025-04-05,READY TO TEST
FU-396,2025-04-05,QC Passed
FU-396,2025-04-05,OnLP
FU-395,2025-03-17,OPEN
FU-395,2025-03-18,In Progress
FU-395,2025-03-18,APPLE REVIEW
FU-395,2025-03-18,APPROVED
FU-395,2025-03-18,In Progress
FU-395,2025-03-18,APPLE REVIEW
FU-395,2025-03-25,APPROVED
FU-395,2025-03-25,APPROVED WITH SDK
FU-394,2025-03-13,OPEN
FU-394,2025-03-14,In Progress
FU-394,2025-03-14,APPLE REVIEW
FU-394,2025-03-22,APPROVED
FU-394,2025-03-22,APPROVED WITH SDK
FU-394,2025-04-02,READY TO TEST
FU-394,2025-04-02,QC Passed
FU-394,2025-04-02,OnLP
FU-394,2025-04-03,Gone
FU-393,2025-03-13,OPEN
FU-393,2025-03-13,In Progress
FU-392,2025-03-13,OPEN
FU-392,2025-03-13,In Progress
FU-392,2025-03-13,APPLE REVIEW
FU-392,2025-03-17,APPROVED
FU-392,2025-04-04,APPROVED WITH SDK
FU-391,2025-03-12,OPEN
FU-391,2025-03-12,In Progress
FU-391,2025-03-13,APPLE REVIEW
FU-391,2025-03-14,APPROVED
FU-391,2025-04-08,In Progress
FU-391,2025-04-08,APPLE REVIEW
FU-391,2025-04-09,APPROVED
FU-391,2025-04-09,WAITING TO INTEGRATE
FU-391,2025-04-10,INTEGRATED SDK
FU-391,2025-04-10,APPROVED
FU-391,2025-04-11,WAITING TO INTEGRATE
FU-391,2025-04-11,INTEGRATED SDK
FU-391,2025-04-11,APPROVED WITH SDK
FU-390,2025-03-12,OPEN
FU-390,2025-03-12,In Progress
FU-390,2025-03-22,APPLE REVIEW
FU-390,2025-03-22,APPROVED
FU-390,2025-03-22,APPROVED WITH SDK
FU-390,2025-04-06,READY TO TEST
FU-390,2025-04-06,QC Passed
FU-390,2025-04-06,OnLP
FU-389,2025-03-11,OPEN
FU-389,2025-03-11,In Progress
FU-388,2025-03-11,OPEN
FU-388,2025-03-11,In Progress
FU-388,2025-04-03,APPLE REVIEW
FU-388,2025-04-03,APPROVED
FU-388,2025-04-03,APPROVED WITH SDK
FU-385,2025-03-11,OPEN
FU-385,2025-03-11,In Progress
FU-385,2025-03-27,APPLE REVIEW
FU-385,2025-04-16,REJECTED
FU-384,2025-03-11,OPEN
FU-384,2025-03-14,In Progress
FU-384,2025-03-18,APPLE REVIEW
FU-383,2025-03-10,OPEN
FU-383,2025-03-10,In Progress
FU-383,2025-03-11,APPLE REVIEW
FU-383,2025-03-25,APPROVED
FU-383,2025-03-25,APPROVED WITH SDK
FU-382,2025-03-10,OPEN
FU-382,2025-03-10,In Progress
FU-382,2025-03-10,APPLE REVIEW
FU-382,2025-03-17,REJECTED
FU-382,2025-03-29,TERMINATED
FU-381,2025-03-10,OPEN
FU-381,2025-03-10,In Progress
FU-381,2025-03-10,APPLE REVIEW
FU-381,2025-03-10,APPROVED
FU-381,2025-03-18,In Progress
FU-381,2025-03-18,APPLE REVIEW
FU-381,2025-04-02,APPROVED
FU-381,2025-04-02,In Progress
FU-381,2025-04-08,APPROVED
FU-381,2025-04-09,WAITING TO INTEGRATE
FU-381,2025-04-09,INTEGRATED SDK
FU-381,2025-04-09,APPROVED WITH SDK
FU-380,2025-03-10,OPEN
FU-380,2025-03-10,In Progress
FU-380,2025-03-11,APPLE REVIEW
FU-380,2025-03-12,APPROVED
FU-380,2025-03-12,In Progress
FU-380,2025-03-14,APPROVED
FU-380,2025-04-08,In Progress
FU-380,2025-04-08,APPLE REVIEW
FU-380,2025-04-09,APPROVED
FU-380,2025-04-09,WAITING TO INTEGRATE
FU-380,2025-04-10,APPROVED
FU-380,2025-04-10,In Progress
FU-380,2025-04-10,OPEN
FU-380,2025-04-17,In Progress
FU-379,2025-03-10,OPEN
FU-379,2025-03-10,In Progress
FU-379,2025-03-26,OPEN
FU-379,2025-04-04,In Progress
FU-379,2025-04-07,APPLE REVIEW
FU-378,2025-03-07,OPEN
FU-378,2025-03-07,In Progress
FU-378,2025-03-07,APPLE REVIEW
FU-378,2025-03-07,APPROVED
FU-378,2025-03-07,TERMINATED
FU-377,2025-03-06,OPEN
FU-377,2025-03-06,In Progress
FU-376,2025-03-06,OPEN
FU-376,2025-03-06,In Progress
FU-376,2025-04-02,APPROVED
FU-376,2025-04-08,WAITING TO INTEGRATE
FU-376,2025-04-11,PENDING
FU-376,2025-04-11,In Progress
FU-376,2025-04-11,APPLE REVIEW
FU-376,2025-04-11,PENDING
FU-376,2025-04-11,APPROVED
FU-376,2025-04-11,WAITING TO INTEGRATE
FU-376,2025-04-11,INTEGRATED SDK
FU-375,2025-03-06,OPEN
FU-374,2025-03-05,OPEN
FU-374,2025-03-05,In Progress
FU-374,2025-03-19,APPLE REVIEW
FU-374,2025-03-20,APPROVED
FU-374,2025-03-24,APPROVED WITH SDK
FU-374,2025-04-12,READY TO TEST
FU-374,2025-04-12,QC Passed
FU-374,2025-04-12,OnLP
FU-373,2025-03-04,OPEN
FU-373,2025-03-04,APPROVED
FU-373,2025-03-04,In Progress
FU-373,2025-03-21,APPLE REVIEW
FU-373,2025-04-14,APPROVED
FU-373,2025-04-14,In Progress
FU-373,2025-04-14,APPROVED
FU-373,2025-04-14,WAITING TO INTEGRATE
FU-373,2025-04-14,INTEGRATED SDK
FU-373,2025-04-14,APPROVED WITH SDK
FU-372,2025-03-03,OPEN
FU-372,2025-03-03,In Progress
FU-372,2025-03-03,APPLE REVIEW
FU-372,2025-03-03,APPROVED
FU-372,2025-03-18,In Progress
FU-372,2025-03-18,APPLE REVIEW
FU-372,2025-03-25,APPROVED
FU-372,2025-03-25,APPROVED WITH SDK
FU-370,2025-02-28,OPEN
FU-370,2025-02-28,In Progress
FU-370,2025-02-28,APPLE REVIEW
FU-370,2025-02-28,APPROVED
FU-370,2025-04-02,In Progress
FU-370,2025-04-02,APPLE REVIEW
FU-370,2025-04-02,REJECTED
FU-369,2025-02-27,OPEN
FU-369,2025-02-27,In Progress
FU-369,2025-03-11,APPLE REVIEW
FU-369,2025-03-26,APPROVED
FU-369,2025-04-09,WAITING TO INTEGRATE
FU-369,2025-04-09,TERMINATED
FU-368,2025-02-27,OPEN
FU-368,2025-02-27,In Progress
FU-368,2025-02-27,APPLE REVIEW
FU-368,2025-03-26,REJECTED
FU-367,2025-02-26,OPEN
FU-367,2025-02-26,IN PROGRESS
FU-367,2025-03-14,APPLE REVIEW
FU-367,2025-03-19,REJECTED
FU-367,2025-03-20,In Progress
FU-367,2025-03-20,APPLE REVIEW
FU-367,2025-03-21,REJECTED
FU-367,2025-03-21,In Progress
FU-367,2025-03-21,APPLE REVIEW
FU-367,2025-03-21,APPROVED
FU-367,2025-03-21,APPROVED WITH SDK
FU-367,2025-04-11,READY TO TEST
FU-367,2025-04-11,QC Passed
FU-367,2025-04-11,OnLP
FU-366,2025-02-24,OPEN
FU-366,2025-02-24,IN PROGRESS
FU-366,2025-03-05,APPLE REVIEW
FU-366,2025-03-07,APPROVED
FU-366,2025-03-07,APPROVED
FU-366,2025-04-09,WAITING TO INTEGRATE
FU-365,2025-02-20,OPEN
FU-365,2025-02-20,IN PROGRESS
FU-365,2025-03-07,APPLE REVIEW
FU-365,2025-03-10,REJECTED
FU-365,2025-03-13,In Progress
FU-365,2025-03-17,APPLE REVIEW
FU-365,2025-03-18,REJECTED
FU-365,2025-03-19,APPROVED
FU-365,2025-04-04,APPROVED WITH SDK
FU-364,2025-02-20,OPEN
FU-364,2025-02-20,IN PROGRESS
FU-364,2025-03-17,APPLE REVIEW
FU-363,2025-02-20,OPEN
FU-363,2025-02-20,IN PROGRESS
FU-363,2025-03-07,APPLE REVIEW
FU-363,2025-03-25,APPROVED
FU-363,2025-04-07,WAITING TO INTEGRATE
FU-363,2025-04-07,INTEGRATED SDK
FU-362,2025-02-18,OPEN
FU-362,2025-02-19,IN PROGRESS
FU-361,2025-02-14,OPEN
FU-361,2025-02-14,IN PROGRESS
FU-361,2025-03-05,APPLE REVIEW
FU-361,2025-03-07,APPROVED
FU-361,2025-04-09,WAITING TO INTEGRATE
FU-359,2025-02-13,OPEN
FU-359,2025-02-13,IN PROGRESS
FU-359,2025-02-13,APPLE REVIEW
FU-359,2025-02-13,APPROVED
FU-359,2025-04-02,In Progress
FU-359,2025-04-02,APPLE REVIEW
FU-359,2025-04-02,REJECTED
FU-358,2025-02-12,OPEN
FU-358,2025-02-13,IN PROGRESS
FU-358,2025-02-24,APPLE REVIEW
FU-358,2025-02-24,REJECTED
FU-358,2025-02-24,IN PROGRESS
FU-358,2025-02-24,APPLE REVIEW
FU-358,2025-02-25,APPROVED
FU-358,2025-03-05,In Progress
FU-358,2025-03-05,APPLE REVIEW
FU-358,2025-03-11,APPROVED
FU-358,2025-03-12,In Progress
FU-358,2025-03-12,APPLE REVIEW
FU-358,2025-03-21,APPROVED
FU-358,2025-03-21,APPROVED WITH SDK
FU-358,2025-04-01,Gone
FU-357,2025-02-11,OPEN
FU-357,2025-02-12,IN PROGRESS
FU-357,2025-02-12,APPLE REVIEW
FU-357,2025-02-13,REJECTED
FU-357,2025-03-22,In Progress
FU-357,2025-03-22,APPLE REVIEW
FU-357,2025-03-22,APPROVED
FU-357,2025-03-22,APPROVED WITH SDK
FU-357,2025-04-07,In Progress
FU-357,2025-04-07,APPROVED
FU-356,2025-02-11,OPEN
FU-356,2025-02-11,IN PROGRESS
FU-356,2025-02-25,APPLE REVIEW
FU-356,2025-02-26,REJECTED
FU-356,2025-02-26,IN PROGRESS
FU-356,2025-02-26,APPLE REVIEW
FU-356,2025-02-28,APPROVED
FU-356,2025-03-06,In Progress
FU-356,2025-03-06,APPLE REVIEW
FU-356,2025-03-11,REJECTED
FU-356,2025-03-12,In Progress
FU-356,2025-03-12,APPLE REVIEW
FU-356,2025-03-13,REJECTED
FU-356,2025-03-14,In Progress
FU-356,2025-03-14,APPLE REVIEW
FU-356,2025-03-14,REJECTED
FU-356,2025-03-17,APPROVED
FU-356,2025-03-17,APPROVED WITH SDK
FU-356,2025-03-21,In Progress
FU-356,2025-03-21,APPLE REVIEW
FU-356,2025-03-21,APPROVED
FU-356,2025-03-21,APPROVED WITH SDK
FU-356,2025-04-06,In Progress
FU-356,2025-04-07,APPROVED
FU-356,2025-04-07,WAITING TO INTEGRATE
FU-356,2025-04-07,INTEGRATED SDK
FU-356,2025-04-08,APPROVED WITH SDK
FU-355,2025-02-08,OPEN
FU-355,2025-02-09,IN PROGRESS
FU-355,2025-02-24,APPLE REVIEW
FU-355,2025-02-25,REJECTED
FU-355,2025-03-03,In Progress
FU-355,2025-03-03,APPLE REVIEW
FU-355,2025-03-04,REJECTED
FU-355,2025-03-04,In Progress
FU-355,2025-03-04,APPLE REVIEW
FU-355,2025-03-05,REJECTED
FU-355,2025-03-06,In Progress
FU-355,2025-03-06,APPLE REVIEW
FU-355,2025-03-06,APPROVED
FU-355,2025-04-09,WAITING TO INTEGRATE
FU-354,2025-02-03,OPEN
FU-354,2025-02-04,IN PROGRESS
FU-354,2025-02-04,APPROVED
FU-354,2025-02-10,IN PROGRESS
FU-354,2025-02-10,APPLE REVIEW
FU-354,2025-02-11,APPROVED
FU-354,2025-02-11,APPROVED WITH SDK
FU-354,2025-02-26,READY TO TEST
FU-354,2025-02-26,QC Passed
FU-354,2025-02-26,OnLP
FU-354,2025-02-28,Gone
FU-353,2025-02-03,OPEN
FU-353,2025-02-03,APPROVED
FU-353,2025-02-10,IN PROGRESS
FU-353,2025-02-10,APPLE REVIEW
FU-353,2025-02-11,APPROVED
FU-353,2025-02-11,APPROVED WITH SDK
FU-353,2025-03-16,TERMINATED
FU-353,2025-03-29,Gone
FU-352,2025-02-03,OPEN
FU-352,2025-02-03,APPROVED
FU-352,2025-02-10,IN PROGRESS
FU-352,2025-02-10,APPLE REVIEW
FU-352,2025-02-11,APPROVED
FU-352,2025-02-11,APPROVED WITH SDK
FU-352,2025-04-14,READY TO TEST
FU-352,2025-04-14,QC Passed
FU-352,2025-04-14,OnLP
FU-350,2025-01-29,OPEN
FU-350,2025-01-29,IN PROGRESS
FU-350,2025-02-14,APPLE REVIEW
FU-350,2025-02-17,REJECTED
FU-350,2025-02-17,IN PROGRESS
FU-350,2025-02-17,APPLE REVIEW
FU-350,2025-02-18,APPROVED
FU-350,2025-04-10,WAITING TO INTEGRATE
FU-350,2025-04-11,INTEGRATED SDK
FU-349,2025-01-28,OPEN
FU-349,2025-01-28,IN PROGRESS
FU-349,2025-02-06,APPLE REVIEW
FU-349,2025-02-07,REJECTED
FU-349,2025-03-19,In Progress
FU-349,2025-03-19,APPLE REVIEW
FU-349,2025-03-19,REJECTED
FU-349,2025-03-19,In Progress
FU-349,2025-03-19,APPLE REVIEW
FU-349,2025-03-20,APPROVED
FU-349,2025-03-20,APPROVED WITH SDK
FU-349,2025-03-21,In Progress
FU-349,2025-03-21,APPLE REVIEW
FU-349,2025-03-23,APPROVED
FU-349,2025-03-23,APPROVED WITH SDK
FU-349,2025-04-06,READY TO TEST
FU-349,2025-04-06,QC Passed
FU-349,2025-04-06,OnLP
FU-348,2025-01-28,OPEN
FU-348,2025-01-28,IN PROGRESS
FU-348,2025-02-20,APPLE REVIEW
FU-348,2025-02-21,REJECTED
FU-348,2025-02-24,IN PROGRESS
FU-348,2025-02-24,APPLE REVIEW
FU-348,2025-02-25,REJECTED
FU-348,2025-03-21,In Progress
FU-348,2025-04-09,APPLE REVIEW
FU-348,2025-04-14,REJECTED
FU-346,2025-01-27,OPEN
FU-346,2025-01-27,IN PROGRESS
FU-346,2025-02-17,APPLE REVIEW
FU-346,2025-02-17,APPROVED
FU-345,2025-01-24,OPEN
FU-345,2025-01-28,IN PROGRESS
FU-345,2025-02-12,APPLE REVIEW
FU-345,2025-03-06,APPROVED
FU-345,2025-04-09,WAITING TO INTEGRATE
FU-344,2025-01-21,OPEN
FU-344,2025-01-21,APPROVED
FU-344,2025-01-21,IN PROGRESS
FU-344,2025-01-21,APPLE REVIEW
FU-344,2025-01-23,APPROVED
FU-344,2025-01-23,APPROVED WITH SDK
FU-344,2025-02-06,Gone
FU-342,2025-01-20,OPEN
FU-342,2025-01-20,IN PROGRESS
FU-342,2025-02-27,APPLE REVIEW
FU-342,2025-03-05,REJECTED
FU-342,2025-03-10,TERMINATED
FU-337,2025-01-20,OPEN
FU-337,2025-01-24,IN PROGRESS
FU-337,2025-02-21,APPLE REVIEW
FU-337,2025-02-25,APPROVED
FU-337,2025-02-25,APPROVED
FU-337,2025-04-09,WAITING TO INTEGRATE
FU-337,2025-04-15,INTEGRATED SDK
FU-337,2025-04-18,APPROVED WITH SDK
FU-336,2025-01-16,OPEN
FU-336,2025-01-16,APPROVED
FU-336,2025-01-20,IN PROGRESS
FU-336,2025-01-20,APPLE REVIEW
FU-336,2025-01-21,APPROVED
FU-336,2025-01-21,APPROVED WITH SDK
FU-336,2025-02-07,Gone
FU-334,2025-01-14,OPEN
FU-334,2025-01-14,IN PROGRESS
FU-334,2025-01-23,APPROVED
FU-334,2025-01-29,APPROVED WITH SDK
FU-334,2025-02-06,Gone
FU-333,2025-01-13,OPEN
FU-333,2025-01-13,IN PROGRESS
FU-333,2025-01-23,APPLE REVIEW
FU-333,2025-02-13,REJECTED
FU-332,2025-01-13,OPEN
FU-332,2025-01-14,IN PROGRESS
FU-332,2025-01-14,APPLE REVIEW
FU-332,2025-01-14,APPROVED
FU-332,2025-01-14,READY TO TEST
FU-332,2025-01-15,QC Passed
FU-332,2025-01-15,OnLP
FU-332,2025-02-06,Gone
FU-331,2025-01-13,OPEN
FU-331,2025-01-13,IN PROGRESS
FU-331,2025-02-10,APPLE REVIEW
FU-331,2025-02-11,REJECTED
FU-331,2025-02-12,IN PROGRESS
FU-331,2025-02-12,APPLE REVIEW
FU-331,2025-02-12,APPROVED
FU-331,2025-04-09,WAITING TO INTEGRATE
FU-330,2025-01-12,OPEN
FU-330,2025-01-16,IN PROGRESS
FU-330,2025-01-16,APPLE REVIEW
FU-330,2025-01-16,APPROVED
FU-330,2025-01-16,APPROVED WITH SDK
FU-330,2025-02-06,Gone
FU-329,2025-01-11,OPEN
FU-329,2025-01-11,OnLP
FU-329,2025-02-06,Gone
FU-328,2025-01-10,OPEN
FU-328,2025-01-10,OnLP
FU-328,2025-01-31,Gone
FU-327,2025-01-10,OPEN
FU-327,2025-01-10,OnLP
FU-327,2025-01-30,QC Passed
FU-327,2025-01-30,READY TO TEST
FU-327,2025-01-30,QC Passed
FU-327,2025-01-30,OnLP
FU-327,2025-01-31,Gone
FU-326,2025-01-10,OPEN
FU-326,2025-01-12,IN PROGRESS
FU-326,2025-03-13,APPLE REVIEW
FU-326,2025-03-13,APPROVED
FU-326,2025-03-20,BLOCKED
FU-326,2025-03-20,APPLE REVIEW
FU-326,2025-04-19,APPROVED
FU-325,2025-01-10,OPEN
FU-325,2025-01-10,IN PROGRESS
FU-325,2025-01-10,APPLE REVIEW
FU-325,2025-01-10,APPROVED
FU-325,2025-01-11,APPROVED WITH SDK
FU-325,2025-01-11,QC FAILED
FU-325,2025-01-12,APPROVED WITH SDK
FU-325,2025-02-06,Gone
FU-325,2025-02-10,TERMINATED
FU-324,2025-01-09,OPEN
FU-324,2025-01-10,IN PROGRESS
FU-324,2025-01-10,APPLE REVIEW
FU-324,2025-01-10,APPROVED
FU-324,2025-01-11,APPROVED WITH SDK
FU-324,2025-01-11,QC FAILED
FU-324,2025-01-12,APPROVED WITH SDK
FU-324,2025-02-06,Gone
FU-324,2025-02-10,TERMINATED
FU-323,2025-01-09,OPEN
FU-323,2025-01-09,IN PROGRESS
FU-323,2025-01-09,APPLE REVIEW
FU-323,2025-01-09,APPROVED
FU-323,2025-01-10,APPROVED WITH SDK
FU-323,2025-01-11,QC FAILED
FU-323,2025-01-12,APPROVED WITH SDK
FU-323,2025-01-31,READY TO TEST
FU-323,2025-01-31,QC Passed
FU-323,2025-01-31,OnLP
FU-323,2025-01-31,Gone
FU-323,2025-02-10,TERMINATED
FU-322,2025-01-09,OPEN
FU-322,2025-01-09,IN PROGRESS
FU-322,2025-01-23,APPLE REVIEW
FU-322,2025-01-24,REJECTED
FU-322,2025-01-24,IN PROGRESS
FU-322,2025-01-29,APPLE REVIEW
FU-322,2025-01-29,REJECTED
FU-322,2025-01-29,IN PROGRESS
FU-322,2025-02-18,APPLE REVIEW
FU-322,2025-02-20,APPROVED
FU-321,2025-01-06,OPEN
FU-321,2025-01-06,IN PROGRESS
FU-321,2025-01-06,APPLE REVIEW
FU-321,2025-01-06,APPROVED
FU-321,2025-01-10,IN PROGRESS
FU-321,2025-01-10,APPLE REVIEW
FU-321,2025-01-10,REJECTED
FU-321,2025-02-10,TERMINATED
FU-320,2025-01-04,OPEN
FU-320,2025-01-04,IN PROGRESS
FU-320,2025-01-28,APPLE REVIEW
FU-320,2025-01-28,APPROVED
FU-320,2025-02-04,APPROVED WITH SDK
FU-320,2025-02-26,READY TO TEST
FU-320,2025-02-26,QC Passed
FU-320,2025-02-26,OnLP
FU-319,2025-01-03,OPEN
FU-319,2025-01-03,IN PROGRESS
FU-319,2025-01-03,APPLE REVIEW
FU-319,2025-01-03,APPROVED
FU-319,2025-01-07,APPROVED WITH SDK
FU-319,2025-01-10,QC Passed
FU-319,2025-01-10,OnLP
FU-319,2025-02-06,Gone
FU-319,2025-02-10,TERMINATED
FU-318,2025-01-03,OPEN
FU-318,2025-01-06,IN PROGRESS
FU-318,2025-01-15,APPLE REVIEW
FU-318,2025-01-16,REJECTED
FU-318,2025-01-16,IN PROGRESS
FU-318,2025-01-16,APPLE REVIEW
FU-318,2025-01-27,REJECTED
FU-318,2025-02-05,APPROVED
FU-318,2025-02-12,IN PROGRESS
FU-318,2025-02-12,APPLE REVIEW
FU-318,2025-02-17,REJECTED
FU-318,2025-02-17,IN PROGRESS
FU-318,2025-02-17,APPLE REVIEW
FU-318,2025-02-20,REJECTED
FU-318,2025-03-05,In Progress
FU-318,2025-03-05,APPLE REVIEW
FU-318,2025-03-24,REJECTED
FU-318,2025-03-24,In Progress
FU-318,2025-03-24,APPLE REVIEW
FU-317,2025-01-02,OPEN
FU-317,2025-01-03,IN PROGRESS
FU-317,2025-03-04,APPLE REVIEW
FU-317,2025-04-03,REJECTED
FU-316,2025-01-02,OPEN
FU-316,2025-01-02,IN PROGRESS
FU-314,2024-12-30,OPEN
FU-314,2024-12-30,IN PROGRESS
FU-314,2024-12-30,APPLE REVIEW
FU-314,2024-12-30,REJECTED
FU-314,2024-12-30,CANCELED
FU-314,2024-12-30,OPEN
FU-314,2024-12-30,IN PROGRESS
FU-314,2024-12-30,APPLE REVIEW
FU-314,2024-12-30,APPROVED
FU-314,2024-12-31,APPROVED WITH SDK
FU-314,2025-01-04,QC FAILED
FU-314,2025-01-06,APPROVED WITH SDK
FU-314,2025-01-07,TERMINATED
FU-313,2024-12-30,OPEN
FU-313,2024-12-30,IN PROGRESS
FU-313,2024-12-30,APPLE REVIEW
FU-313,2024-12-30,APPROVED
FU-313,2024-12-31,APPROVED WITH SDK
FU-313,2025-01-04,QC FAILED
FU-313,2025-01-06,APPROVED WITH SDK
FU-313,2025-01-07,TERMINATED
FU-312,2024-12-27,OPEN
FU-312,2024-12-27,IN PROGRESS
FU-312,2024-12-27,APPLE REVIEW
FU-312,2024-12-27,APPROVED
FU-312,2024-12-27,APPROVED WITH SDK
FU-312,2025-01-04,QC FAILED
FU-312,2025-01-06,APPROVED WITH SDK
FU-312,2025-01-07,TERMINATED
FU-311,2024-12-26,OPEN
FU-311,2024-12-26,IN PROGRESS
FU-311,2025-01-03,APPLE REVIEW
FU-311,2025-01-07,APPROVED
FU-311,2025-01-13,APPROVED WITH SDK
FU-311,2025-01-16,QC Passed
FU-311,2025-01-16,OnLP
FU-311,2025-02-06,Gone
FU-310,2024-12-25,OPEN
FU-310,2024-12-25,IN PROGRESS
FU-310,2025-01-08,APPLE REVIEW
FU-310,2025-01-10,APPROVED
FU-310,2025-01-16,APPROVED WITH SDK
FU-310,2025-02-07,Gone
FU-309,2024-12-24,OPEN
FU-309,2024-12-24,IN PROGRESS
FU-309,2025-01-09,APPLE REVIEW
FU-309,2025-01-10,APPROVED
FU-309,2025-01-13,IN PROGRESS
FU-309,2025-01-13,APPLE REVIEW
FU-309,2025-01-14,APPROVED
FU-309,2025-01-14,APPROVED WITH SDK
FU-309,2025-02-07,Gone
FU-308,2024-12-24,OPEN
FU-308,2024-12-24,IN PROGRESS
FU-308,2025-01-19,APPLE REVIEW
FU-308,2025-01-21,APPROVED
FU-308,2025-02-05,IN PROGRESS
FU-308,2025-02-05,APPLE REVIEW
FU-308,2025-02-07,APPROVED
FU-308,2025-02-07,APPROVED WITH SDK
FU-308,2025-02-25,READY TO TEST
FU-308,2025-02-25,QC Passed
FU-308,2025-02-25,OnLP
FU-308,2025-04-13,Gone
FU-307,2024-12-23,OPEN
FU-307,2024-12-23,IN PROGRESS
FU-307,2025-01-25,APPLE REVIEW
FU-307,2025-01-29,APPROVED
FU-307,2025-04-09,WAITING TO INTEGRATE
FU-306,2024-12-20,OPEN
FU-306,2024-12-23,IN PROGRESS
FU-306,2024-12-31,APPLE REVIEW
FU-306,2025-01-03,APPROVED
FU-306,2025-01-14,APPROVED WITH SDK
FU-306,2025-01-30,QC Passed
FU-306,2025-01-30,OnLP
FU-306,2025-02-06,Gone
FU-305,2024-12-20,OPEN
FU-305,2024-12-20,IN PROGRESS
FU-305,2024-12-31,APPLE REVIEW
FU-305,2025-01-06,REJECTED
FU-305,2025-01-07,IN PROGRESS
FU-305,2025-01-07,APPLE REVIEW
FU-305,2025-01-08,REJECTED
FU-305,2025-01-16,IN PROGRESS
FU-305,2025-01-16,APPLE REVIEW
FU-305,2025-01-27,REJECTED
FU-305,2025-01-30,APPROVED
FU-305,2025-02-12,IN PROGRESS
FU-305,2025-02-12,APPLE REVIEW
FU-305,2025-02-18,REJECTED
FU-305,2025-02-19,IN PROGRESS
FU-305,2025-02-19,APPLE REVIEW
FU-305,2025-03-04,REJECTED
FU-305,2025-03-05,In Progress
FU-305,2025-03-05,APPLE REVIEW
FU-305,2025-03-24,REJECTED
FU-305,2025-03-24,In Progress
FU-305,2025-03-24,APPLE REVIEW
FU-304,2024-12-17,OPEN
FU-304,2024-12-18,IN PROGRESS
FU-304,2024-12-26,APPLE REVIEW
FU-304,2024-12-26,APPROVED
FU-304,2024-12-30,APPROVED WITH SDK
FU-304,2025-01-04,QC FAILED
FU-304,2025-01-06,APPROVED WITH SDK
FU-304,2025-01-07,TERMINATED
FU-303,2024-12-16,OPEN
FU-303,2024-12-23,IN PROGRESS
FU-303,2024-12-30,APPLE REVIEW
FU-303,2025-01-07,TERMINATED
FU-302,2024-12-13,OPEN
FU-302,2024-12-13,IN PROGRESS
FU-302,2024-12-20,APPLE REVIEW
FU-302,2024-12-22,APPROVED
FU-302,2024-12-24,IN PROGRESS
FU-302,2024-12-24,APPLE REVIEW
FU-302,2024-12-27,APPROVED
FU-302,2024-12-27,APPROVED WITH SDK
FU-302,2025-01-05,QC Passed
FU-302,2025-01-07,TERMINATED
FU-301,2024-12-13,OPEN
FU-301,2024-12-13,IN PROGRESS
FU-301,2024-12-24,APPLE REVIEW
FU-301,2024-12-24,TERMINATED
FU-300,2024-12-12,OPEN
FU-300,2024-12-12,IN PROGRESS
FU-300,2024-12-24,APPLE REVIEW
FU-300,2024-12-27,REJECTED
FU-300,2025-01-07,PENDING
FU-300,2025-01-07,IN PROGRESS
FU-300,2025-01-07,APPLE REVIEW
FU-300,2025-01-07,APPROVED
FU-300,2025-01-12,APPROVED WITH SDK
FU-300,2025-02-06,Gone
FU-299,2024-12-12,OPEN
FU-299,2024-12-12,IN PROGRESS
FU-299,2024-12-12,APPLE REVIEW
FU-299,2024-12-12,APPROVED
FU-299,2025-02-06,APPROVED WITH SDK
FU-299,2025-02-06,APPROVED
FU-299,2025-04-06,WAITING TO INTEGRATE
FU-299,2025-04-06,INTEGRATED SDK
FU-299,2025-04-06,REJECTED AFTER UPDATE
FU-298,2024-12-12,OPEN
FU-298,2024-12-12,IN PROGRESS
FU-298,2025-01-20,APPLE REVIEW
FU-298,2025-01-20,REJECTED
FU-298,2025-01-20,APPROVED
FU-298,2025-01-20,APPROVED WITH SDK
FU-298,2025-01-20,IN PROGRESS
FU-298,2025-01-22,APPLE REVIEW
FU-298,2025-01-24,APPROVED
FU-298,2025-02-04,APPROVED WITH SDK
FU-298,2025-02-14,READY TO TEST
FU-298,2025-02-14,QC Passed
FU-298,2025-02-14,OnLP
FU-296,2024-12-12,OPEN
FU-296,2024-12-12,IN PROGRESS
FU-296,2024-12-12,APPLE REVIEW
FU-296,2024-12-12,APPROVED
FU-296,2024-12-12,APPROVED WITH SDK
FU-296,2024-12-27,QC Passed
FU-296,2025-01-07,TERMINATED
FU-295,2024-12-12,OPEN
FU-295,2024-12-12,IN PROGRESS
FU-295,2024-12-19,APPLE REVIEW
FU-295,2024-12-20,APPROVED
FU-295,2025-01-02,APPROVED WITH SDK
FU-295,2025-01-04,QC FAILED
FU-295,2025-01-06,IN PROGRESS
FU-295,2025-01-06,APPLE REVIEW
FU-295,2025-01-06,APPROVED
FU-295,2025-01-06,APPROVED WITH SDK
FU-295,2025-01-07,TERMINATED
FU-294,2024-12-10,OPEN
FU-294,2024-12-10,IN PROGRESS
FU-294,2024-12-10,APPLE REVIEW
FU-294,2024-12-11,APPROVED
FU-294,2024-12-25,PENDING
FU-294,2024-12-26,IN PROGRESS
FU-294,2024-12-26,APPLE REVIEW
FU-294,2024-12-26,APPROVED
FU-294,2024-12-27,APPROVED WITH SDK
FU-294,2025-01-05,QC FAILED
FU-294,2025-01-06,IN PROGRESS
FU-294,2025-01-06,APPLE REVIEW
FU-294,2025-01-06,APPROVED
FU-294,2025-01-06,APPROVED WITH SDK
FU-294,2025-01-07,TERMINATED
FU-293,2024-12-07,OPEN
FU-293,2024-12-09,IN PROGRESS
FU-293,2024-12-23,APPLE REVIEW
FU-293,2025-01-20,REJECTED
FU-293,2025-03-07,TERMINATED
FU-292,2024-12-06,OPEN
FU-292,2024-12-06,IN PROGRESS
FU-292,2024-12-24,APPLE REVIEW
FU-292,2024-12-28,APPROVED
FU-292,2025-01-18,IN PROGRESS
FU-292,2025-01-18,APPLE REVIEW
FU-292,2025-01-24,REJECTED
FU-292,2025-02-07,PENDING
FU-292,2025-02-07,IN PROGRESS
FU-292,2025-02-07,APPLE REVIEW
FU-292,2025-02-10,REJECTED
FU-292,2025-02-11,PENDING
FU-292,2025-02-11,IN PROGRESS
FU-292,2025-02-11,APPLE REVIEW
FU-292,2025-02-17,REJECTED
FU-292,2025-03-03,In Progress
FU-292,2025-03-03,APPLE REVIEW
FU-292,2025-03-18,APPROVED
FU-292,2025-03-18,APPROVED WITH SDK
FU-292,2025-04-06,In Progress
FU-292,2025-04-07,APPROVED
FU-292,2025-04-07,WAITING TO INTEGRATE
FU-292,2025-04-07,INTEGRATED SDK
FU-292,2025-04-08,APPROVED WITH SDK
FU-292,2025-04-08,INTEGRATED SDK
FU-292,2025-04-08,WAITING TO INTEGRATE
FU-292,2025-04-09,INTEGRATED SDK
FU-292,2025-04-10,APPROVED WITH SDK
FU-291,2024-12-04,OPEN
FU-291,2024-12-04,IN PROGRESS
FU-291,2024-12-20,APPLE REVIEW
FU-291,2024-12-26,APPROVED
FU-291,2025-01-06,APPROVED WITH SDK
FU-291,2025-01-10,QC FAILED
FU-291,2025-01-14,QC FAILED REVIEWED
FU-291,2025-02-07,Gone
FU-290,2024-12-04,OPEN
FU-290,2024-12-11,IN PROGRESS
FU-290,2024-12-11,TERMINATED
FU-289,2024-12-04,OPEN
FU-289,2024-12-04,IN PROGRESS
FU-289,2024-12-11,APPLE REVIEW
FU-289,2024-12-12,REJECTED
FU-288,2024-12-04,OPEN
FU-288,2024-12-04,IN PROGRESS
FU-288,2024-12-04,APPLE REVIEW
FU-288,2024-12-04,APPROVED
FU-288,2024-12-23,APPROVED WITH SDK
FU-288,2025-01-04,QC Passed
FU-288,2025-01-04,CANCELED
FU-288,2025-01-04,OPEN
FU-288,2025-01-04,IN PROGRESS
FU-288,2025-01-04,APPLE REVIEW
FU-288,2025-01-04,APPROVED
FU-288,2025-01-04,APPROVED WITH SDK
FU-288,2025-01-06,QC Passed
FU-288,2025-01-06,OnLP
FU-288,2025-01-07,TERMINATED
FU-287,2024-12-04,OPEN
FU-287,2024-12-12,IN PROGRESS
FU-287,2024-12-12,APPLE REVIEW
FU-287,2024-12-12,APPROVED
FU-287,2024-12-12,APPROVED WITH SDK
FU-287,2025-01-04,QC FAILED
FU-287,2025-01-07,TERMINATED
FU-286,2024-12-04,OPEN
FU-286,2024-12-04,IN PROGRESS
FU-286,2024-12-15,APPLE REVIEW
FU-286,2024-12-17,REJECTED
FU-286,2024-12-17,CANCELED
FU-286,2024-12-17,OPEN
FU-286,2024-12-17,IN PROGRESS
FU-286,2024-12-17,APPLE REVIEW
FU-286,2024-12-17,APPROVED
FU-286,2024-12-17,APPROVED WITH SDK
FU-286,2024-12-27,QC Passed
FU-286,2025-01-07,TERMINATED
FU-285,2024-12-04,OPEN
FU-285,2024-12-06,IN PROGRESS
FU-285,2024-12-07,APPLE REVIEW
FU-285,2024-12-23,REJECTED
FU-284,2024-12-03,OPEN
FU-284,2024-12-03,IN PROGRESS
FU-284,2024-12-13,APPLE REVIEW
FU-284,2024-12-16,APPROVED
FU-284,2025-01-08,APPROVED WITH SDK
FU-284,2025-01-10,QC FAILED
FU-284,2025-01-12,APPROVED WITH SDK
FU-284,2025-01-14,QC Passed
FU-284,2025-01-14,OnLP
FU-284,2025-01-14,OPEN
FU-284,2025-01-14,APPROVED
FU-284,2025-01-14,APPROVED WITH SDK
FU-284,2025-01-15,QC FAILED
FU-284,2025-01-15,QC FAILED REVIEWED
FU-284,2025-01-16,IN PROGRESS
FU-284,2025-01-20,APPLE REVIEW
FU-284,2025-01-20,APPROVED
FU-284,2025-01-20,APPROVED WITH SDK
FU-284,2025-02-07,Gone
FU-283,2024-11-29,OPEN
FU-283,2024-11-29,IN PROGRESS
FU-283,2024-12-28,APPLE REVIEW
FU-283,2025-01-09,APPROVED
FU-283,2025-01-30,APPROVED WITH SDK
FU-283,2025-02-06,Gone
FU-282,2024-11-29,OPEN
FU-282,2024-11-29,IN PROGRESS
FU-281,2024-11-27,OPEN
FU-281,2025-03-10,TERMINATED
FU-280,2024-11-27,OPEN
FU-280,2025-01-07,OnLP
FU-280,2025-01-10,OPEN
FU-280,2025-01-10,IN PROGRESS
FU-280,2025-01-10,APPLE REVIEW
FU-280,2025-01-10,APPROVED
FU-280,2025-01-18,TERMINATED
FU-279,2024-11-27,OPEN
FU-279,2025-03-10,TERMINATED
FU-278,2024-11-27,OPEN
FU-278,2025-01-07,TERMINATED
FU-277,2024-11-27,OPEN
FU-277,2024-12-12,TERMINATED
FU-276,2024-11-27,OPEN
FU-276,2025-03-10,TERMINATED
FU-275,2024-11-27,OPEN
FU-275,2025-03-10,TERMINATED
FU-274,2024-11-27,OPEN
FU-274,2025-03-10,TERMINATED
FU-273,2024-11-27,OPEN
FU-272,2024-11-27,OPEN
FU-272,2025-03-10,TERMINATED
FU-271,2024-11-27,OPEN
FU-270,2024-11-27,OPEN
FU-269,2024-11-27,OPEN
FU-269,2025-03-10,TERMINATED
FU-268,2024-11-27,OPEN
FU-268,2024-12-09,IN PROGRESS
FU-268,2024-12-09,APPLE REVIEW
FU-268,2024-12-09,APPROVED
FU-268,2024-12-09,TERMINATED
FU-267,2024-11-27,OPEN
FU-267,2025-04-08,Gone
FU-266,2024-11-27,OPEN
FU-266,2025-04-08,TERMINATED
FU-266,2025-04-08,Gone
FU-265,2024-11-27,OPEN
FU-265,2025-04-08,TERMINATED
FU-264,2024-11-27,OPEN
FU-264,2025-04-08,TERMINATED
FU-263,2024-11-27,OPEN
FU-263,2024-11-27,IN PROGRESS
FU-262,2024-11-27,OPEN
FU-261,2024-11-27,OPEN
FU-260,2024-11-27,OPEN
FU-260,2025-01-15,APPROVED
FU-260,2025-01-15,APPROVED WITH SDK
FU-260,2025-02-06,READY TO TEST
FU-260,2025-02-06,QC Passed
FU-260,2025-02-06,OnLP
FU-260,2025-02-06,Gone
FU-259,2024-11-27,OPEN
FU-258,2024-11-27,OPEN
FU-258,2025-04-08,Gone
FU-257,2024-11-27,OPEN
FU-257,2025-04-08,Gone
FU-256,2024-11-27,OPEN
FU-255,2024-11-27,OPEN
FU-255,2025-04-08,TERMINATED
FU-254,2024-11-27,OPEN
FU-253,2024-11-27,OPEN
FU-252,2024-11-27,OPEN
FU-251,2024-11-26,OPEN
FU-251,2024-11-26,TERMINATED
FU-250,2024-11-26,OPEN
FU-250,2024-11-26,TERMINATED
FU-249,2024-11-26,OPEN
FU-249,2024-11-26,IN PROGRESS
FU-249,2024-11-26,TERMINATED
FU-248,2024-11-26,OPEN
FU-248,2024-11-26,TERMINATED
FU-247,2024-11-26,OPEN
FU-247,2024-11-26,TERMINATED
FU-246,2024-11-26,OPEN
FU-246,2024-11-26,TERMINATED
FU-245,2024-11-26,OPEN
FU-245,2024-11-26,TERMINATED
FU-244,2024-11-26,OPEN
FU-244,2024-12-04,TERMINATED
FU-243,2024-11-26,OPEN
FU-243,2024-11-26,IN PROGRESS
FU-243,2024-11-26,TERMINATED
FU-242,2024-11-26,OPEN
FU-242,2024-11-26,TERMINATED
FU-241,2024-11-26,OPEN
FU-241,2024-11-26,TERMINATED
FU-240,2024-11-26,OPEN
FU-240,2024-11-26,TERMINATED
FU-239,2024-11-26,OPEN
FU-239,2024-11-26,IN PROGRESS
FU-239,2024-11-26,TERMINATED
FU-238,2024-11-26,OPEN
FU-238,2024-11-26,IN PROGRESS
FU-238,2024-11-26,TERMINATED
FU-237,2024-11-26,OPEN
FU-237,2024-11-26,IN PROGRESS
FU-237,2024-11-26,APPLE REVIEW
FU-237,2024-11-26,APPROVED
FU-237,2024-11-26,TERMINATED
FU-236,2024-11-26,OPEN
FU-236,2024-11-26,TERMINATED
FU-235,2024-11-26,OPEN
FU-235,2024-11-26,IN PROGRESS
FU-235,2024-11-26,TERMINATED
FU-234,2024-11-26,OPEN
FU-234,2024-11-26,IN PROGRESS
FU-233,2024-11-26,OPEN
FU-233,2024-11-26,IN PROGRESS
FU-233,2024-11-26,APPLE REVIEW
FU-233,2024-11-26,APPROVED
FU-233,2024-12-11,TERMINATED
FU-232,2024-11-26,OPEN
FU-232,2024-11-26,IN PROGRESS
FU-232,2024-11-26,APPLE REVIEW
FU-232,2024-11-26,APPROVED
FU-232,2024-12-11,TERMINATED
FU-231,2024-11-26,OPEN
FU-231,2024-11-26,IN PROGRESS
FU-231,2024-11-26,APPLE REVIEW
FU-231,2024-11-26,APPROVED
FU-231,2024-12-11,TERMINATED
FU-230,2024-11-26,OPEN
FU-230,2024-11-26,IN PROGRESS
FU-230,2024-11-26,APPLE REVIEW
FU-230,2024-11-26,APPROVED
FU-230,2024-12-11,TERMINATED
FU-229,2024-11-26,OPEN
FU-229,2024-11-26,IN PROGRESS
FU-229,2024-11-26,APPLE REVIEW
FU-229,2024-11-26,APPROVED
FU-229,2024-12-11,TERMINATED
FU-228,2024-11-26,OPEN
FU-228,2024-11-26,IN PROGRESS
FU-228,2024-11-26,APPLE REVIEW
FU-228,2024-11-26,APPROVED
FU-228,2024-12-11,TERMINATED
FU-227,2024-11-26,OPEN
FU-227,2024-11-26,IN PROGRESS
FU-227,2024-11-26,APPLE REVIEW
FU-227,2024-11-26,APPROVED
FU-227,2024-12-11,TERMINATED
FU-226,2024-11-26,OPEN
FU-226,2024-11-26,IN PROGRESS
FU-226,2024-11-26,APPLE REVIEW
FU-226,2024-11-26,APPROVED
FU-226,2024-12-11,TERMINATED
FU-225,2024-11-26,OPEN
FU-225,2024-11-26,IN PROGRESS
FU-225,2024-11-26,APPLE REVIEW
FU-225,2024-11-26,APPROVED
FU-225,2024-12-11,TERMINATED
FU-225,2024-12-11,TERMINATED
FU-224,2024-11-26,OPEN
FU-224,2024-11-26,IN PROGRESS
FU-224,2025-01-03,APPLE REVIEW
FU-224,2025-01-10,APPROVED
FU-224,2025-01-29,APPROVED WITH SDK
FU-224,2025-02-06,Gone
FU-223,2024-11-26,OPEN
FU-223,2024-11-26,IN PROGRESS
FU-223,2024-11-26,APPLE REVIEW
FU-223,2024-11-26,APPROVED
FU-223,2024-12-11,TERMINATED
FU-222,2024-11-26,OPEN
FU-222,2024-11-26,TERMINATED
FU-221,2024-11-26,OPEN
FU-221,2024-11-27,CANCELED
FU-220,2024-11-26,OPEN
FU-220,2024-11-26,TERMINATED
FU-219,2024-11-26,OPEN
FU-219,2024-11-26,TERMINATED
FU-218,2024-11-26,OPEN
FU-218,2024-11-26,TERMINATED
FU-217,2024-11-26,OPEN
FU-217,2024-11-26,TERMINATED
FU-216,2024-11-26,OPEN
FU-216,2024-11-26,TERMINATED
FU-215,2024-11-26,OPEN
FU-215,2024-11-26,TERMINATED
FU-214,2024-11-26,OPEN
FU-214,2024-11-26,TERMINATED
FU-213,2024-11-26,OPEN
FU-213,2024-11-26,TERMINATED
FU-212,2024-11-26,OPEN
FU-212,2024-11-26,TERMINATED
FU-211,2024-11-26,OPEN
FU-211,2024-11-26,TERMINATED
FU-210,2024-11-26,OPEN
FU-210,2024-11-26,TERMINATED
FU-209,2024-11-26,OPEN
FU-209,2024-11-26,IN PROGRESS
FU-209,2024-11-26,APPLE REVIEW
FU-209,2024-11-26,APPROVED
FU-209,2024-11-26,APPROVED WITH SDK
FU-209,2024-12-10,TERMINATED
FU-208,2024-11-26,OPEN
FU-208,2024-11-26,IN PROGRESS
FU-208,2024-11-26,APPLE REVIEW
FU-208,2024-11-26,APPROVED
FU-208,2024-11-26,APPROVED WITH SDK
FU-208,2024-12-10,TERMINATED
FU-207,2024-11-26,OPEN
FU-207,2024-11-26,IN PROGRESS
FU-207,2024-11-26,APPLE REVIEW
FU-207,2024-11-26,APPROVED
FU-207,2024-11-26,APPROVED WITH SDK
FU-207,2024-12-10,TERMINATED
FU-206,2024-11-26,OPEN
FU-206,2024-11-26,IN PROGRESS
FU-206,2024-11-26,APPLE REVIEW
FU-206,2024-11-26,APPROVED
FU-206,2024-11-26,APPROVED WITH SDK
FU-206,2024-12-10,TERMINATED
FU-205,2024-11-26,OPEN
FU-205,2024-11-26,IN PROGRESS
FU-205,2024-11-26,APPLE REVIEW
FU-205,2024-11-26,APPROVED
FU-205,2024-11-26,APPROVED WITH SDK
FU-205,2024-12-10,TERMINATED
FU-204,2024-11-26,OPEN
FU-204,2024-11-26,IN PROGRESS
FU-204,2024-11-26,APPLE REVIEW
FU-204,2024-11-26,APPROVED
FU-204,2024-11-26,APPROVED WITH SDK
FU-204,2024-12-10,TERMINATED
FU-203,2024-11-26,OPEN
FU-203,2024-11-26,IN PROGRESS
FU-203,2024-11-26,APPLE REVIEW
FU-203,2024-11-26,APPROVED
FU-203,2024-11-26,APPROVED WITH SDK
FU-203,2024-12-10,TERMINATED
FU-202,2024-11-26,OPEN
FU-202,2024-11-26,IN PROGRESS
FU-202,2024-11-26,APPLE REVIEW
FU-202,2024-11-26,APPROVED
FU-202,2024-11-26,APPROVED WITH SDK
FU-202,2024-12-10,TERMINATED
FU-201,2024-11-26,OPEN
FU-201,2024-11-26,IN PROGRESS
FU-201,2024-11-26,APPLE REVIEW
FU-201,2024-11-26,APPROVED
FU-201,2024-11-26,APPROVED WITH SDK
FU-201,2024-12-27,QC Passed
FU-201,2025-01-07,TERMINATED
FU-200,2024-11-26,OPEN
FU-200,2024-11-26,IN PROGRESS
FU-200,2024-11-26,APPLE REVIEW
FU-200,2024-11-26,APPROVED
FU-200,2024-11-26,APPROVED WITH SDK
FU-200,2024-12-10,TERMINATED
FU-199,2024-11-26,OPEN
FU-199,2024-11-26,IN PROGRESS
FU-199,2024-11-26,APPLE REVIEW
FU-199,2024-11-26,APPROVED
FU-199,2024-11-26,APPROVED WITH SDK
FU-199,2024-12-10,TERMINATED
FU-198,2024-11-26,OPEN
FU-198,2024-11-26,IN PROGRESS
FU-198,2024-11-26,APPLE REVIEW
FU-198,2024-11-26,APPROVED
FU-198,2024-11-26,APPROVED WITH SDK
FU-198,2024-12-10,TERMINATED
FU-197,2024-11-26,OPEN
FU-197,2024-11-26,IN PROGRESS
FU-197,2024-11-26,APPLE REVIEW
FU-197,2024-11-26,APPROVED
FU-197,2024-11-26,APPROVED WITH SDK
FU-197,2024-12-10,TERMINATED
FU-196,2024-11-26,OPEN
FU-196,2024-11-26,IN PROGRESS
FU-196,2024-11-26,APPLE REVIEW
FU-196,2024-11-26,APPROVED
FU-196,2024-11-26,APPROVED WITH SDK
FU-196,2024-12-10,TERMINATED
FU-195,2024-11-26,OPEN
FU-195,2024-11-26,IN PROGRESS
FU-195,2024-11-26,APPLE REVIEW
FU-195,2024-11-26,APPROVED
FU-195,2024-11-26,APPROVED WITH SDK
FU-195,2024-12-10,TERMINATED
FU-194,2024-11-26,OPEN
FU-194,2024-11-26,IN PROGRESS
FU-194,2024-11-26,APPLE REVIEW
FU-194,2024-11-26,APPROVED
FU-194,2024-11-26,APPROVED WITH SDK
FU-194,2024-12-10,TERMINATED
FU-193,2024-11-26,OPEN
FU-193,2024-11-26,IN PROGRESS
FU-193,2024-11-26,APPLE REVIEW
FU-193,2024-11-26,APPROVED
FU-193,2024-11-26,APPROVED WITH SDK
FU-193,2024-12-10,TERMINATED
FU-192,2024-11-26,OPEN
FU-192,2024-11-26,IN PROGRESS
FU-192,2024-11-26,APPLE REVIEW
FU-192,2024-11-26,APPROVED
FU-192,2024-11-26,APPROVED WITH SDK
FU-192,2024-12-10,TERMINATED
FU-191,2024-11-26,OPEN
FU-191,2024-11-26,IN PROGRESS
FU-191,2024-11-26,APPLE REVIEW
FU-191,2024-11-26,APPROVED
FU-191,2024-11-26,APPROVED WITH SDK
FU-191,2024-12-10,TERMINATED
FU-190,2024-11-26,OPEN
FU-190,2024-11-26,IN PROGRESS
FU-190,2024-11-26,APPLE REVIEW
FU-190,2024-11-26,APPROVED
FU-190,2024-11-26,APPROVED WITH SDK
FU-190,2024-12-10,TERMINATED
FU-189,2024-11-26,OPEN
FU-189,2024-11-26,IN PROGRESS
FU-189,2025-03-06,APPLE REVIEW
FU-189,2025-03-06,REJECTED
FU-188,2024-11-25,OPEN
FU-188,2024-12-04,IN PROGRESS
FU-188,2024-12-12,APPLE REVIEW
FU-188,2024-12-16,APPROVED
FU-188,2025-01-04,APPROVED WITH SDK
FU-188,2025-01-04,QC FAILED
FU-188,2025-01-06,APPROVED WITH SDK
FU-188,2025-01-07,TERMINATED
FU-188,2025-01-07,PENDING
FU-188,2025-01-07,IN PROGRESS
FU-188,2025-01-07,APPLE REVIEW
FU-188,2025-01-07,APPROVED
FU-188,2025-01-07,APPROVED WITH SDK
FU-188,2025-01-11,QC Passed
FU-188,2025-01-11,OnLP
FU-188,2025-01-14,QC Passed
FU-188,2025-02-07,Gone
FU-187,2024-11-25,OPEN
FU-187,2024-11-26,IN PROGRESS
FU-187,2024-11-26,REVIEW
FU-187,2024-11-26,DONE
FU-186,2024-11-23,OPEN
FU-186,2024-11-23,TERMINATED
FU-185,2024-11-22,OPEN
FU-185,2024-11-25,IN PROGRESS
FU-185,2024-11-25,REVIEW
FU-185,2024-12-12,DONE
FU-184,2024-11-22,OPEN
FU-184,2024-11-22,IN PROGRESS
FU-184,2024-11-22,APPLE REVIEW
FU-184,2024-11-22,REJECTED
FU-184,2024-11-22,TERMINATED
FU-184,2024-11-22,CANCELED
FU-183,2024-11-22,OPEN
FU-183,2024-11-22,IN PROGRESS
FU-183,2024-11-22,APPLE REVIEW
FU-183,2024-11-22,REJECTED
FU-183,2024-11-22,CANCELED
FU-182,2024-11-22,OPEN
FU-182,2024-11-22,IN PROGRESS
FU-182,2024-11-22,APPLE REVIEW
FU-182,2024-11-22,REJECTED
FU-182,2024-11-22,CANCELED
FU-181,2024-11-22,OPEN
FU-181,2024-11-22,IN PROGRESS
FU-181,2024-11-22,APPLE REVIEW
FU-181,2024-11-22,REJECTED
FU-181,2024-11-22,CANCELED
FU-180,2024-11-22,OPEN
FU-180,2024-11-22,IN PROGRESS
FU-180,2024-11-22,OPEN
FU-180,2024-11-22,IN PROGRESS
FU-180,2024-11-22,APPLE REVIEW
FU-180,2024-11-22,REJECTED
FU-180,2024-11-22,CANCELED
FU-179,2024-11-22,OPEN
FU-179,2024-11-22,IN PROGRESS
FU-179,2024-11-22,APPLE REVIEW
FU-179,2024-11-22,REJECTED
FU-179,2024-11-22,CANCELED
FU-178,2024-11-22,OPEN
FU-178,2024-11-22,IN PROGRESS
FU-178,2024-11-22,APPLE REVIEW
FU-178,2024-11-22,REJECTED
FU-178,2024-11-22,CANCELED
FU-177,2024-11-22,OPEN
FU-177,2024-11-22,IN PROGRESS
FU-177,2024-11-22,APPLE REVIEW
FU-177,2024-11-22,REJECTED
FU-177,2024-11-22,CANCELED
FU-176,2024-11-22,OPEN
FU-176,2024-11-22,IN PROGRESS
FU-176,2024-11-22,APPLE REVIEW
FU-176,2024-11-22,APPROVED
FU-176,2024-11-22,APPROVED WITH SDK
FU-176,2024-11-22,TERMINATED
FU-175,2024-11-22,OPEN
FU-175,2024-11-22,IN PROGRESS
FU-175,2024-11-22,APPLE REVIEW
FU-175,2024-11-22,APPROVED
FU-175,2024-11-22,APPROVED WITH SDK
FU-175,2024-11-22,TERMINATED
FU-174,2024-11-22,OPEN
FU-174,2024-11-22,IN PROGRESS
FU-174,2024-11-22,APPLE REVIEW
FU-174,2024-11-22,APPROVED
FU-174,2024-11-22,TERMINATED
FU-173,2024-11-22,OPEN
FU-173,2024-11-22,IN PROGRESS
FU-173,2024-11-22,APPLE REVIEW
FU-173,2024-11-22,APPROVED
FU-173,2024-11-22,TERMINATED
FU-172,2024-11-22,OPEN
FU-172,2024-11-22,IN PROGRESS
FU-172,2024-11-22,APPLE REVIEW
FU-172,2024-11-22,APPROVED
FU-172,2024-11-22,APPROVED WITH SDK
FU-172,2024-11-22,TERMINATED
FU-171,2024-11-22,OPEN
FU-171,2024-11-22,IN PROGRESS
FU-171,2024-11-22,APPLE REVIEW
FU-171,2024-11-22,APPROVED
FU-171,2024-11-22,APPROVED WITH SDK
FU-171,2024-12-12,TERMINATED
FU-170,2024-11-22,OPEN
FU-170,2024-11-22,IN PROGRESS
FU-170,2024-11-22,APPLE REVIEW
FU-170,2024-11-22,APPROVED
FU-170,2024-11-22,APPROVED WITH SDK
FU-170,2024-11-22,TERMINATED
FU-169,2024-11-22,OPEN
FU-169,2024-11-22,IN PROGRESS
FU-169,2024-11-22,APPLE REVIEW
FU-169,2024-11-22,APPROVED
FU-169,2024-11-22,APPROVED WITH SDK
FU-169,2024-11-22,TERMINATED
FU-168,2024-11-22,OPEN
FU-168,2024-11-22,IN PROGRESS
FU-168,2024-11-22,APPLE REVIEW
FU-168,2024-11-22,APPROVED
FU-168,2024-11-22,APPROVED WITH SDK
FU-168,2024-12-12,TERMINATED
FU-167,2024-11-22,OPEN
FU-167,2024-11-22,IN PROGRESS
FU-167,2024-11-22,APPLE REVIEW
FU-167,2024-11-22,APPROVED
FU-167,2024-11-22,APPROVED WITH SDK
FU-167,2024-11-22,TERMINATED
FU-166,2024-11-22,OPEN
FU-166,2024-11-22,IN PROGRESS
FU-166,2024-11-22,APPLE REVIEW
FU-166,2024-11-22,APPROVED
FU-166,2024-11-22,APPROVED WITH SDK
FU-166,2024-11-22,TERMINATED
FU-165,2024-11-22,OPEN
FU-165,2024-11-22,IN PROGRESS
FU-165,2024-11-22,APPLE REVIEW
FU-165,2024-11-22,APPROVED
FU-165,2024-11-22,APPROVED WITH SDK
FU-165,2024-11-22,TERMINATED
FU-164,2024-11-22,OPEN
FU-164,2024-11-22,IN PROGRESS
FU-164,2024-11-22,APPLE REVIEW
FU-164,2024-11-22,APPROVED
FU-164,2024-11-22,APPROVED WITH SDK
FU-164,2024-11-22,TERMINATED
FU-163,2024-11-22,OPEN
FU-163,2024-11-22,IN PROGRESS
FU-163,2024-11-22,APPLE REVIEW
FU-163,2024-11-22,APPROVED
FU-163,2024-11-22,APPROVED WITH SDK
FU-163,2024-11-22,TERMINATED
FU-162,2024-11-22,OPEN
FU-162,2024-11-22,IN PROGRESS
FU-162,2024-11-22,APPLE REVIEW
FU-162,2024-11-22,APPROVED
FU-162,2024-11-22,APPROVED WITH SDK
FU-162,2024-11-22,TERMINATED
FU-161,2024-11-22,OPEN
FU-161,2024-11-22,IN PROGRESS
FU-161,2024-11-22,APPLE REVIEW
FU-161,2024-11-22,REJECTED
FU-161,2024-11-22,CANCELED
FU-160,2024-11-22,OPEN
FU-160,2024-11-22,IN PROGRESS
FU-160,2024-11-22,APPLE REVIEW
FU-160,2024-11-22,APPROVED
FU-160,2024-11-22,APPROVED WITH SDK
FU-160,2024-12-27,QC Passed
FU-160,2025-01-07,TERMINATED
FU-159,2024-11-22,OPEN
FU-159,2024-11-22,IN PROGRESS
FU-158,2024-11-21,OPEN
FU-158,2024-11-25,IN PROGRESS
FU-158,2024-12-11,APPLE REVIEW
FU-158,2024-12-12,APPROVED
FU-158,2024-12-19,APPROVED WITH SDK
FU-158,2025-01-05,QC Passed
FU-158,2025-01-07,TERMINATED
FU-157,2024-11-21,OPEN
FU-157,2024-11-21,IN PROGRESS
FU-156,2024-11-21,OPEN
FU-156,2024-11-21,IN PROGRESS
FU-155,2024-11-19,OPEN
FU-155,2024-11-19,IN PROGRESS
FU-155,2024-12-05,APPLE REVIEW
FU-155,2024-12-11,REJECTED
FU-155,2024-12-13,IN PROGRESS
FU-155,2024-12-13,APPLE REVIEW
FU-155,2024-12-13,APPROVED
FU-155,2024-12-16,IN PROGRESS
FU-155,2024-12-16,APPLE REVIEW
FU-155,2024-12-16,APPROVED
FU-155,2024-12-27,APPROVED WITH SDK
FU-155,2025-01-04,QC FAILED
FU-155,2025-01-06,APPROVED WITH SDK
FU-155,2025-01-07,TERMINATED
FU-154,2024-11-18,OPEN
FU-154,2024-11-18,IN PROGRESS
FU-153,2024-11-18,OPEN
FU-153,2024-11-18,IN PROGRESS
FU-153,2024-11-24,APPLE REVIEW
FU-153,2024-11-24,APPROVED
FU-153,2024-12-06,APPROVED WITH SDK
FU-153,2025-01-04,QC FAILED
FU-153,2025-01-07,TERMINATED
FU-153,2025-01-07,TERMINATED
FU-152,2024-11-17,OPEN
FU-152,2024-11-17,IN PROGRESS
FU-151,2024-11-15,OPEN
FU-151,2024-11-18,IN PROGRESS
FU-151,2024-11-28,APPLE REVIEW
FU-151,2024-11-28,APPROVED
FU-151,2024-11-29,APPROVED WITH SDK
FU-151,2025-01-05,QC FAILED
FU-151,2025-01-06,APPROVED WITH SDK
FU-151,2025-01-07,TERMINATED
FU-150,2024-11-14,OPEN
FU-150,2024-11-14,IN PROGRESS
FU-150,2024-11-29,APPLE REVIEW
FU-150,2024-12-10,APPROVED
FU-150,2024-12-27,APPROVED WITH SDK
FU-150,2025-01-04,QC FAILED
FU-150,2025-01-06,APPROVED WITH SDK
FU-150,2025-01-07,TERMINATED
FU-149,2024-11-12,OPEN
FU-149,2024-11-12,IN PROGRESS
FU-149,2024-11-20,APPLE REVIEW
FU-149,2024-11-22,APPROVED
FU-149,2024-11-27,APPROVED WITH SDK
FU-149,2024-12-27,QC Passed
FU-149,2025-01-07,TERMINATED
FU-148,2024-11-11,OPEN
FU-148,2024-11-11,IN PROGRESS
FU-148,2024-11-27,APPLE REVIEW
FU-148,2024-11-28,APPROVED
FU-148,2024-12-07,TERMINATED
FU-147,2024-11-09,OPEN
FU-147,2024-11-09,IN PROGRESS
FU-147,2024-11-15,PENDING
FU-147,2024-11-16,IN PROGRESS
FU-147,2024-11-22,TESTING
FU-147,2024-11-22,IN PROGRESS
FU-147,2024-12-02,APPLE REVIEW
FU-147,2024-12-02,APPROVED
FU-147,2025-01-12,APPROVED WITH SDK
FU-147,2025-01-15,READY TO TEST
FU-147,2025-01-15,QC Passed
FU-147,2025-01-15,OnLP
FU-147,2025-02-06,Gone
FU-146,2024-11-04,OPEN
FU-146,2024-11-04,IN PROGRESS
FU-146,2024-11-07,APPLE REVIEW
FU-146,2024-11-27,APPROVED
FU-146,2025-02-07,TERMINATED
FU-145,2024-11-03,OPEN
FU-145,2024-11-03,IN PROGRESS
FU-145,2024-11-03,APPLE REVIEW
FU-145,2024-12-12,REJECTED
FU-145,2024-12-19,IN PROGRESS
FU-145,2024-12-19,APPLE REVIEW
FU-145,2024-12-19,REJECTED
FU-144,2024-11-01,OPEN
FU-144,2024-11-12,IN PROGRESS
FU-144,2024-11-14,APPLE REVIEW
FU-144,2024-11-14,APPROVED
FU-144,2024-12-04,APPROVED WITH SDK
FU-144,2024-12-21,TERMINATED
FU-142,2024-11-01,OPEN
FU-142,2024-11-04,IN PROGRESS
FU-142,2024-11-15,APPLE REVIEW
FU-142,2024-11-15,APPROVED
FU-142,2024-11-22,APPROVED WITH SDK
FU-142,2024-12-27,QC Passed
FU-142,2025-01-03,TERMINATED
FU-141,2024-10-31,OPEN
FU-141,2024-10-31,IN PROGRESS
FU-141,2024-11-01,APPLE REVIEW
FU-141,2024-11-27,APPROVED
FU-141,2024-12-12,TERMINATED
FU-140,2024-10-31,OPEN
FU-140,2024-11-11,IN PROGRESS
FU-140,2024-11-11,APPLE REVIEW
FU-140,2024-11-11,APPROVED
FU-140,2024-11-22,APPROVED WITH SDK
FU-140,2025-01-04,QC Passed
FU-140,2025-01-07,TERMINATED
FU-139,2024-10-31,OPEN
FU-139,2024-10-31,IN PROGRESS
FU-139,2024-12-19,APPLE REVIEW
FU-139,2024-12-19,APPROVED
FU-139,2025-01-14,APPROVED WITH SDK
FU-139,2025-02-07,Gone
FU-138,2024-10-30,OPEN
FU-138,2024-10-30,IN PROGRESS
FU-138,2024-11-19,APPLE REVIEW
FU-138,2024-12-04,REJECTED
FU-138,2024-12-30,IN PROGRESS
FU-138,2024-12-30,APPLE REVIEW
FU-138,2025-01-16,REJECTED
FU-138,2025-01-22,IN PROGRESS
FU-138,2025-01-22,APPLE REVIEW
FU-138,2025-01-24,REJECTED
FU-137,2024-10-30,OPEN
FU-137,2024-10-30,IN PROGRESS
FU-137,2024-11-12,APPLE REVIEW
FU-137,2024-11-13,REJECTED
FU-137,2024-11-18,IN PROGRESS
FU-137,2024-11-18,APPLE REVIEW
FU-137,2024-11-18,APPROVED
FU-137,2025-01-07,APPROVED WITH SDK
FU-137,2025-01-08,QC FAILED
FU-137,2025-01-14,QC FAILED REVIEWED
FU-137,2025-02-07,Gone
FU-136,2024-10-29,OPEN
FU-136,2024-10-29,IN PROGRESS
FU-136,2024-12-02,APPLE REVIEW
FU-136,2024-12-02,APPROVED
FU-136,2025-01-07,APPROVED WITH SDK
FU-136,2025-01-10,QC FAILED
FU-136,2025-01-14,READY TO TEST
FU-136,2025-01-15,QC FAILED REVIEWED
FU-136,2025-01-16,IN PROGRESS
FU-136,2025-01-20,APPROVED
FU-136,2025-01-20,APPROVED WITH SDK
FU-136,2025-02-07,Gone
FU-135,2024-10-29,OPEN
FU-135,2024-10-29,IN PROGRESS
FU-135,2024-11-01,APPLE REVIEW
FU-135,2024-11-04,REJECTED
FU-134,2024-10-29,OPEN
FU-134,2024-10-29,CANCELED
FU-134,2025-01-07,OPEN
FU-134,2025-01-07,IN PROGRESS
FU-134,2025-01-07,APPLE REVIEW
FU-134,2025-01-07,APPROVED
FU-134,2025-01-07,APPROVED WITH SDK
FU-134,2025-01-10,QC Passed
FU-134,2025-01-10,OnLP
FU-134,2025-02-06,Gone
FU-133,2024-10-29,OPEN
FU-132,2024-10-25,OPEN
FU-132,2024-10-25,IN PROGRESS
FU-132,2024-10-30,APPLE REVIEW
FU-132,2024-11-03,APPROVED
FU-132,2025-02-14,TERMINATED
FU-132,2025-02-14,Gone
FU-131,2024-10-22,OPEN
FU-131,2024-10-22,IN PROGRESS
FU-131,2024-10-30,APPLE REVIEW
FU-131,2024-10-31,APPROVED
FU-131,2024-11-22,APPROVED WITH SDK
FU-131,2025-01-04,QC FAILED
FU-131,2025-01-07,TERMINATED
FU-130,2024-10-21,OPEN
FU-130,2024-10-21,CANCELED
FU-129,2024-10-21,OPEN
FU-129,2024-10-21,IN PROGRESS
FU-129,2024-10-24,APPLE REVIEW
FU-129,2024-12-12,REJECTED
FU-128,2024-10-21,OPEN
FU-127,2024-10-21,OPEN
FU-127,2024-10-21,IN PROGRESS
FU-127,2024-10-21,APPLE REVIEW
FU-127,2024-10-21,APPROVED
FU-127,2024-12-12,CANCELED
FU-126,2024-10-19,OPEN
FU-126,2024-10-19,IN PROGRESS
FU-125,2024-10-18,OPEN
FU-125,2024-11-25,IN PROGRESS
FU-124,2024-10-14,OPEN
FU-124,2024-10-21,IN PROGRESS
FU-124,2024-10-31,APPLE REVIEW
FU-124,2024-11-01,APPROVED
FU-124,2024-12-04,APPROVED WITH SDK
FU-124,2025-01-05,QC FAILED
FU-124,2025-01-06,APPROVED WITH SDK
FU-124,2025-01-11,QC Passed
FU-124,2025-02-07,Gone
FU-123,2024-10-14,OPEN
FU-123,2024-10-14,IN PROGRESS
FU-123,2024-10-14,APPLE REVIEW
FU-123,2024-10-14,APPROVED
FU-123,2024-10-16,CANCELED
FU-122,2024-10-14,OPEN
FU-122,2024-10-14,IN PROGRESS
FU-122,2024-11-14,APPLE REVIEW
FU-122,2024-11-14,CANCELED
FU-121,2024-10-11,OPEN
FU-121,2024-10-11,IN PROGRESS
FU-121,2024-10-29,APPLE REVIEW
FU-121,2024-11-02,APPROVED
FU-121,2024-12-17,APPROVED WITH SDK
FU-121,2024-12-27,QC Passed
FU-121,2025-01-07,TERMINATED
FU-120,2024-10-10,OPEN
FU-120,2024-10-10,IN PROGRESS
FU-120,2024-12-11,APPLE REVIEW
FU-120,2024-12-13,APPROVED
FU-120,2025-02-07,TERMINATED
FU-119,2024-10-10,OPEN
FU-119,2024-10-10,IN PROGRESS
FU-119,2024-10-18,APPLE REVIEW
FU-119,2024-11-26,APPROVED
FU-119,2024-12-12,TERMINATED
FU-118,2024-10-09,OPEN
FU-118,2024-10-09,IN PROGRESS
FU-118,2024-10-25,APPLE REVIEW
FU-118,2024-10-31,APPROVED
FU-118,2024-11-22,APPROVED WITH SDK
FU-118,2024-12-27,QC Passed
FU-118,2025-01-07,TERMINATED
FU-117,2024-10-08,OPEN
FU-117,2024-10-08,IN PROGRESS
FU-117,2024-10-29,APPLE REVIEW
FU-117,2024-10-30,APPROVED
FU-117,2025-01-07,TERMINATED
FU-116,2024-10-07,OPEN
FU-116,2024-10-07,IN PROGRESS
FU-116,2024-10-25,APPLE REVIEW
FU-116,2025-02-21,REJECTED
FU-115,2024-10-04,OPEN
FU-115,2024-10-04,IN PROGRESS
FU-115,2024-11-27,APPLE REVIEW
FU-115,2024-12-28,REJECTED
FU-115,2024-12-28,IN PROGRESS
FU-115,2024-12-28,APPLE REVIEW
FU-114,2024-10-04,OPEN
FU-114,2024-10-07,IN PROGRESS
FU-114,2024-10-08,APPLE REVIEW
FU-114,2024-10-08,APPROVED
FU-114,2024-11-22,APPROVED WITH SDK
FU-114,2024-12-27,QC Passed
FU-114,2025-01-07,TERMINATED
FU-113,2024-10-03,OPEN
FU-113,2024-10-03,IN PROGRESS
FU-113,2024-10-15,APPLE REVIEW
FU-113,2024-10-17,APPROVED
FU-113,2024-12-06,APPROVED WITH SDK
FU-113,2025-01-04,QC FAILED
FU-113,2025-01-07,TERMINATED
FU-112,2024-10-02,OPEN
FU-112,2024-10-02,IN PROGRESS
FU-112,2024-10-04,APPLE REVIEW
FU-112,2024-10-04,APPROVED
FU-112,2024-12-12,CANCELED
FU-111,2024-10-02,OPEN
FU-111,2024-10-05,IN PROGRESS
FU-111,2024-10-10,APPLE REVIEW
FU-111,2024-11-26,APPROVED
FU-111,2024-12-12,TERMINATED
FU-110,2024-10-02,OPEN
FU-110,2024-10-08,IN PROGRESS
FU-110,2024-10-14,APPLE REVIEW
FU-110,2024-11-01,REJECTED
FU-110,2024-12-26,CANCELED
FU-106,2024-09-30,OPEN
FU-106,2024-09-30,IN PROGRESS
FU-106,2024-11-21,APPLE REVIEW
FU-106,2024-11-26,APPROVED
FU-105,2024-09-30,OPEN
FU-105,2024-10-02,IN PROGRESS
FU-105,2024-10-18,APPLE REVIEW
FU-105,2024-10-21,APPROVED
FU-105,2024-11-22,APPROVED WITH SDK
FU-105,2024-12-12,TERMINATED
FU-104,2024-09-30,OPEN
FU-104,2024-09-30,IN PROGRESS
FU-104,2024-10-10,APPLE REVIEW
FU-104,2024-10-10,APPROVED
FU-104,2024-12-11,APPROVED WITH SDK
FU-104,2024-12-27,QC Passed
FU-104,2025-01-07,TERMINATED
FU-103,2024-09-27,OPEN
FU-103,2024-09-27,IN PROGRESS
FU-103,2024-10-05,APPLE REVIEW
FU-103,2024-10-05,APPROVED
FU-103,2024-12-12,CANCELED
FU-102,2024-09-26,OPEN
FU-102,2024-09-26,IN PROGRESS
FU-102,2024-10-09,APPLE REVIEW
FU-102,2024-10-10,APPROVED
FU-102,2024-12-17,APPROVED WITH SDK
FU-102,2025-01-05,QC FAILED
FU-102,2025-01-07,TERMINATED
FU-101,2024-09-25,OPEN
FU-101,2024-09-25,IN PROGRESS
FU-101,2024-09-30,APPLE REVIEW
FU-101,2024-09-30,REJECTED
FU-101,2024-12-21,TERMINATED
FU-100,2024-09-25,OPEN
FU-100,2024-09-25,IN PROGRESS
FU-100,2024-09-30,APPLE REVIEW
FU-100,2024-10-08,CANCELED
FU-100,2024-10-08,OPEN
FU-100,2024-10-08,IN PROGRESS
FU-100,2024-10-08,APPLE REVIEW
FU-100,2024-10-08,REJECTED
FU-100,2024-12-26,CANCELED
FU-99,2024-09-24,OPEN
FU-99,2024-09-24,IN PROGRESS
FU-99,2024-10-01,APPLE REVIEW
FU-99,2024-11-26,REJECTED
FU-99,2024-12-23,CANCELED
FU-98,2024-09-23,OPEN
FU-98,2024-09-23,IN PROGRESS
FU-98,2024-10-02,APPLE REVIEW
FU-98,2024-10-04,REJECTED
FU-98,2024-10-17,IN PROGRESS
FU-98,2024-10-17,APPLE REVIEW
FU-98,2024-11-15,CANCELED
FU-98,2024-11-15,OPEN
FU-98,2024-11-15,IN PROGRESS
FU-98,2024-11-15,APPLE REVIEW
FU-98,2024-11-15,REJECTED
FU-98,2024-11-23,IN PROGRESS
FU-98,2024-11-23,APPLE REVIEW
FU-98,2024-11-23,REJECTED
FU-98,2025-03-06,Cancelled
FU-97,2024-09-18,OPEN
FU-97,2024-09-18,IN PROGRESS
FU-97,2024-09-27,APPLE REVIEW
FU-97,2024-09-30,REJECTED
FU-97,2024-09-30,IN PROGRESS
FU-97,2024-09-30,APPLE REVIEW
FU-97,2024-10-02,REJECTED
FU-97,2024-10-08,IN PROGRESS
FU-97,2024-10-08,APPLE REVIEW
FU-97,2024-10-16,REJECTED
FU-97,2024-10-21,IN PROGRESS
FU-97,2024-10-22,APPLE REVIEW
FU-97,2024-10-22,REJECTED
FU-97,2024-11-15,CANCELED
FU-96,2024-09-18,OPEN
FU-96,2024-09-18,IN PROGRESS
FU-96,2024-09-24,APPLE REVIEW
FU-96,2024-09-24,REJECTED
FU-96,2024-12-21,TERMINATED
FU-95,2024-09-18,OPEN
FU-95,2024-09-18,IN PROGRESS
FU-92,2024-09-18,OPEN
FU-92,2024-09-18,IN PROGRESS
FU-92,2024-09-27,APPLE REVIEW
FU-92,2024-11-26,APPROVED
FU-92,2024-12-12,TERMINATED
FU-91,2024-09-17,OPEN
FU-91,2024-09-17,IN PROGRESS
FU-90,2024-09-17,OPEN
FU-90,2024-09-17,CANCELED
FU-89,2024-09-16,OPEN
FU-89,2024-09-16,IN PROGRESS
FU-88,2024-09-13,OPEN
FU-88,2024-09-17,IN PROGRESS
FU-88,2024-09-23,APPLE REVIEW
FU-88,2024-10-02,APPROVED
FU-88,2024-12-11,APPROVED WITH SDK
FU-88,2025-01-05,QC FAILED
FU-88,2025-01-07,TERMINATED
FU-87,2024-09-12,OPEN
FU-87,2024-09-12,IN PROGRESS
FU-87,2024-09-24,APPLE REVIEW
FU-87,2024-09-24,CANCELED
FU-87,2024-09-24,OPEN
FU-87,2024-09-24,IN PROGRESS
FU-87,2024-09-24,APPLE REVIEW
FU-87,2024-11-26,REJECTED
FU-87,2024-12-23,CANCELED
FU-86,2024-09-12,OPEN
FU-86,2024-09-12,IN PROGRESS
FU-86,2024-09-23,APPLE REVIEW
FU-86,2024-09-25,REJECTED
FU-86,2024-12-21,CANCELED
FU-85,2024-09-11,OPEN
FU-85,2024-09-11,IN PROGRESS
FU-84,2024-09-11,OPEN
FU-84,2024-09-11,IN PROGRESS
FU-84,2024-09-18,APPLE REVIEW
FU-84,2024-09-19,REJECTED
FU-83,2024-09-11,OPEN
FU-83,2024-09-11,IN PROGRESS
FU-83,2024-09-17,APPLE REVIEW
FU-83,2024-09-27,REJECTED
FU-83,2024-11-15,CANCELED
FU-82,2024-09-10,OPEN
FU-82,2024-09-10,IN PROGRESS
FU-82,2024-09-11,APPLE REVIEW
FU-82,2024-09-13,REJECTED
FU-82,2024-11-15,CANCELED
FU-81,2024-09-10,OPEN
FU-81,2024-09-10,IN PROGRESS
FU-81,2024-09-18,APPLE REVIEW
FU-81,2024-09-18,REJECTED
FU-81,2024-12-11,TERMINATED
FU-80,2024-09-09,OPEN
FU-80,2024-09-09,IN PROGRESS
FU-80,2024-09-13,APPLE REVIEW
FU-80,2024-09-13,REJECTED
FU-80,2024-09-19,IN PROGRESS
FU-80,2024-10-01,APPLE REVIEW
FU-80,2024-10-08,REJECTED
FU-80,2024-12-11,IN PROGRESS
FU-80,2024-12-11,APPLE REVIEW
FU-80,2024-12-11,APPROVED
FU-80,2025-01-21,APPROVED WITH SDK
FU-80,2025-02-07,Gone
FU-79,2024-09-07,OPEN
FU-79,2024-09-07,IN PROGRESS
FU-79,2024-09-09,APPLE REVIEW
FU-79,2024-09-10,REJECTED
FU-79,2024-12-04,DONE
FU-79,2024-12-17,REVIEW
FU-79,2024-12-17,IN PROGRESS
FU-79,2024-12-17,REVIEW
FU-79,2024-12-17,IN PROGRESS
FU-79,2024-12-17,REVIEW
FU-79,2024-12-17,DONE
FU-78,2024-09-06,OPEN
FU-78,2024-09-19,IN PROGRESS
FU-78,2024-10-03,APPLE REVIEW
FU-77,2024-09-05,OPEN
FU-77,2024-09-05,IN PROGRESS
FU-77,2024-09-25,APPLE REVIEW
FU-77,2024-10-02,REJECTED
FU-77,2024-12-21,CANCELED
FU-76,2024-09-05,OPEN
FU-76,2024-09-05,CANCELED
FU-76,2024-09-05,OPEN
FU-76,2024-09-05,IN PROGRESS
FU-76,2024-09-11,APPLE REVIEW
FU-76,2024-11-27,TERMINATED
FU-75,2024-09-05,OPEN
FU-74,2024-09-03,OPEN
FU-74,2024-09-03,IN PROGRESS
FU-74,2024-10-02,APPLE REVIEW
FU-74,2024-11-26,APPROVED
FU-74,2024-12-12,APPROVED WITH SDK
FU-74,2024-12-27,QC Passed
FU-74,2025-01-07,TERMINATED
FU-73,2024-09-02,OPEN
FU-73,2024-09-02,IN PROGRESS
FU-73,2024-09-02,APPLE REVIEW
FU-73,2024-09-02,APPROVED
FU-73,2024-12-07,TERMINATED
FU-72,2024-09-02,OPEN
FU-72,2024-09-02,IN PROGRESS
FU-72,2024-09-16,APPLE REVIEW
FU-72,2024-09-17,REJECTED
FU-72,2024-09-17,IN PROGRESS
FU-72,2024-09-18,APPLE REVIEW
FU-72,2024-09-23,REJECTED
FU-72,2024-12-20,CANCELED
FU-71,2024-08-30,OPEN
FU-71,2024-08-30,IN PROGRESS
FU-71,2024-09-16,APPLE REVIEW
FU-71,2024-09-25,REJECTED
FU-71,2024-12-21,CANCELED
FU-70,2024-08-30,OPEN
FU-70,2024-08-30,IN PROGRESS
FU-70,2024-09-19,APPLE REVIEW
FU-70,2024-09-20,REJECTED
FU-70,2024-11-23,IN PROGRESS
FU-70,2024-11-23,APPLE REVIEW
FU-70,2024-11-23,TERMINATED
FU-69,2024-08-28,OPEN
FU-69,2024-09-02,IN PROGRESS
FU-69,2024-09-10,APPLE REVIEW
FU-69,2024-09-12,REJECTED
FU-69,2024-09-13,IN PROGRESS
FU-69,2024-09-13,APPLE REVIEW
FU-69,2024-09-16,REJECTED
FU-69,2024-09-24,IN PROGRESS
FU-69,2024-09-24,APPLE REVIEW
FU-69,2024-11-26,APPROVED
FU-69,2024-12-12,CANCELED
FU-68,2024-08-28,OPEN
FU-68,2024-08-28,IN PROGRESS
FU-68,2024-09-05,APPLE REVIEW
FU-68,2024-09-10,REJECTED
FU-68,2024-12-21,CANCELED
FU-64,2024-08-26,OPEN
FU-64,2024-08-26,IN PROGRESS
FU-64,2024-08-27,APPLE REVIEW
FU-64,2024-09-27,REJECTED
FU-61,2024-08-26,OPEN
FU-61,2024-08-27,IN PROGRESS
FU-61,2024-08-27,APPLE REVIEW
FU-61,2024-11-27,TERMINATED
FU-60,2024-08-26,OPEN
FU-60,2024-08-27,IN PROGRESS
FU-60,2024-08-27,APPLE REVIEW
FU-60,2024-11-27,REJECTED
FU-58,2024-08-24,OPEN
FU-58,2024-08-24,IN PROGRESS
FU-58,2024-09-10,APPLE REVIEW
FU-58,2024-09-12,REJECTED
FU-58,2024-12-21,CANCELED
FU-57,2024-08-24,OPEN
FU-57,2024-08-24,IN PROGRESS
FU-57,2024-09-06,APPLE REVIEW
FU-57,2024-09-08,APPROVED
FU-57,2024-12-06,APPROVED WITH SDK
FU-57,2024-12-27,QC Passed
FU-57,2025-01-07,TERMINATED
FU-55,2024-08-23,OPEN
FU-55,2024-08-23,IN PROGRESS
FU-55,2024-09-02,APPLE REVIEW
FU-55,2024-09-02,REJECTED
FU-55,2024-09-05,IN PROGRESS
FU-55,2024-09-05,APPLE REVIEW
FU-55,2024-09-05,APPROVED
FU-55,2024-12-11,TERMINATED
FU-53,2024-08-23,OPEN
FU-53,2024-08-23,IN PROGRESS
FU-53,2024-08-26,APPLE REVIEW
FU-53,2024-08-27,APPROVED
FU-53,2024-12-12,TERMINATED
FU-52,2024-08-21,OPEN
FU-52,2024-08-21,IN PROGRESS
FU-52,2024-08-23,APPLE REVIEW
FU-52,2024-08-23,APPROVED
FU-52,2024-12-12,TERMINATED
FU-51,2024-08-21,OPEN
FU-51,2024-08-21,IN PROGRESS
FU-50,2024-08-21,OPEN
FU-50,2024-08-21,IN PROGRESS
FU-50,2024-09-10,APPLE REVIEW
FU-50,2024-09-10,REJECTED
FU-50,2024-12-20,CANCELED
FU-49,2024-08-20,OPEN
FU-49,2024-08-23,IN PROGRESS
FU-49,2024-08-30,APPLE REVIEW
FU-49,2024-09-16,REJECTED
FU-49,2024-12-11,TERMINATED
FU-48,2024-08-20,OPEN
FU-48,2024-08-20,IN PROGRESS
FU-48,2024-08-26,APPLE REVIEW
FU-48,2024-08-26,APPROVED
FU-48,2024-11-26,TERMINATED
FU-47,2024-08-20,OPEN
FU-47,2024-08-20,IN PROGRESS
FU-47,2024-08-26,APPLE REVIEW
FU-47,2024-09-10,REJECTED
FU-47,2024-12-21,CANCELED
FU-46,2024-08-20,OPEN
FU-46,2024-08-20,IN PROGRESS
FU-46,2024-08-26,APPLE REVIEW
FU-46,2024-08-26,APPROVED
FU-46,2025-01-07,TERMINATED
FU-45,2024-08-20,OPEN
FU-45,2024-08-26,CANCELED
FU-44,2024-08-20,OPEN
FU-44,2024-08-20,IN PROGRESS
FU-44,2024-08-26,APPLE REVIEW
FU-44,2024-08-26,APPROVED
FU-44,2025-01-07,TERMINATED
FU-43,2024-08-20,OPEN
FU-43,2024-08-20,IN PROGRESS
FU-43,2024-08-26,APPLE REVIEW
FU-43,2024-08-26,APPROVED
FU-43,2025-01-07,TERMINATED
FU-39,2024-08-19,OPEN
FU-39,2024-08-19,IN PROGRESS
FU-39,2024-08-20,APPLE REVIEW
FU-39,2024-08-20,APPROVED
FU-39,2024-08-20,CANCELED
FU-39,2024-08-20,OPEN
FU-39,2024-08-20,IN PROGRESS
FU-39,2024-08-26,APPLE REVIEW
FU-39,2024-09-06,REJECTED
FU-39,2024-09-18,IN PROGRESS
FU-39,2024-09-18,APPLE REVIEW
FU-39,2024-10-01,REJECTED
FU-39,2024-12-09,TERMINATED
FU-35,2024-08-16,OPEN
FU-35,2024-08-16,IN PROGRESS
FU-35,2024-08-19,REVIEW
FU-35,2024-08-20,APPLE REVIEW
FU-35,2024-08-26,APPROVED
FU-35,2024-12-12,TERMINATED
FU-26,2024-08-14,OPEN
FU-26,2024-08-14,IN PROGRESS
FU-26,2024-08-24,APPLE REVIEW
FU-26,2024-08-25,APPROVED
FU-26,2024-12-04,APPROVED WITH SDK
FU-26,2024-12-04,TERMINATED
FU-25,2024-08-14,OPEN
FU-25,2024-08-14,IN PROGRESS
FU-25,2024-08-14,REVIEW
FU-25,2024-08-14,DONE
FU-25,2024-08-14,REVIEW
FU-25,2024-08-20,APPLE REVIEW
FU-25,2024-08-22,APPROVED
FU-25,2024-12-06,APPROVED WITH SDK
FU-25,2024-12-09,TERMINATED
FU-24,2024-08-14,OPEN
FU-24,2024-08-14,IN PROGRESS
FU-24,2024-08-14,REVIEW
FU-24,2024-08-14,DONE
FU-24,2024-08-14,REVIEW
FU-24,2024-08-20,APPLE REVIEW
FU-24,2024-08-22,APPROVED
FU-24,2024-12-06,APPROVED WITH SDK
FU-24,2024-12-27,QC Passed
FU-24,2025-01-07,TERMINATED
FU-23,2024-08-14,OPEN
FU-23,2024-08-14,IN PROGRESS
FU-23,2024-08-14,REVIEW
FU-23,2024-08-14,DONE
FU-23,2024-08-14,REVIEW
FU-23,2024-08-14,DONE
FU-23,2024-08-20,APPROVED
FU-23,2024-08-22,CANCELED
FU-23,2024-08-25,OPEN
FU-23,2024-08-25,IN PROGRESS
FU-23,2024-08-25,APPLE REVIEW
FU-23,2024-08-25,REJECTED
FU-23,2024-12-23,CANCELED
FU-21,2024-08-14,OPEN
FU-21,2024-08-14,IN PROGRESS
FU-21,2024-08-28,APPLE REVIEW
FU-21,2024-08-28,REJECTED
FU-21,2024-09-02,IN PROGRESS
FU-21,2024-09-02,APPLE REVIEW
FU-21,2024-09-08,REJECTED
FU-21,2024-12-20,CANCELED
FU-20,2024-08-14,OPEN
FU-20,2024-08-14,IN PROGRESS
FU-20,2024-08-14,REVIEW
FU-20,2024-08-14,DONE
FU-20,2024-08-15,REVIEW
FU-20,2024-08-15,IN PROGRESS
FU-20,2024-08-28,APPLE REVIEW
FU-20,2024-08-28,REJECTED
FU-20,2024-08-28,IN PROGRESS
FU-20,2024-09-02,APPLE REVIEW
FU-20,2024-09-02,REJECTED
FU-20,2024-09-04,IN PROGRESS
FU-20,2024-09-04,APPLE REVIEW
FU-20,2024-09-08,REJECTED
FU-20,2024-09-11,IN PROGRESS
FU-20,2024-09-11,APPLE REVIEW
FU-20,2024-09-13,REJECTED
FU-20,2024-12-20,CANCELED
FU-18,2024-08-14,OPEN
FU-18,2024-08-14,IN PROGRESS
FU-18,2024-08-28,APPLE REVIEW
FU-18,2024-08-28,REJECTED
FU-18,2024-12-20,CANCELED
FU-11,2024-08-13,OPEN
FU-11,2024-08-13,IN PROGRESS
FU-11,2024-08-27,APPLE REVIEW
FU-11,2024-08-28,REJECTED
FU-11,2024-12-20,CANCELED
FU-10,2024-08-13,OPEN
FU-10,2024-08-13,IN PROGRESS
FU-10,2024-08-20,REVIEW
FU-10,2024-08-20,APPLE REVIEW
FU-10,2024-08-22,APPROVED
FU-10,2024-12-12,TERMINATED
FU-9,2024-08-13,OPEN
FU-9,2024-08-13,IN PROGRESS
FU-9,2024-08-13,REVIEW
FU-9,2024-08-13,DONE
FU-9,2024-08-14,REVIEW
FU-9,2024-08-20,APPLE REVIEW
FU-9,2024-08-22,APPROVED
FU-9,2024-12-12,TERMINATED
FU-8,2024-08-13,OPEN
FU-8,2024-08-13,IN PROGRESS
FU-8,2024-08-27,APPLE REVIEW
FU-8,2024-08-28,REJECTED
FU-8,2024-12-26,CANCELED
FU-7,2024-08-13,OPEN
FU-7,2024-08-13,IN PROGRESS
FU-7,2024-08-13,REVIEW
FU-7,2024-08-13,DONE
FU-7,2024-08-20,APPROVED
FU-7,2024-12-04,TERMINATED
FU-5,2024-08-13,OPEN
FU-5,2024-08-13,IN PROGRESS
FU-5,2024-08-26,APPLE REVIEW
FU-5,2024-08-26,REJECTED
FU-5,2024-12-26,CANCELED
FU-4,2024-08-13,OPEN
FU-4,2024-08-13,IN PROGRESS
FU-4,2024-08-27,APPLE REVIEW
FU-4,2024-09-02,APPROVED
FU-4,2024-12-07,TERMINATED
FU-3,2024-08-13,OPEN
FU-3,2024-08-13,IN PROGRESS
FU-3,2024-08-21,APPLE REVIEW
FU-3,2024-08-21,APPROVED
FU-3,2025-01-18,TERMINATED
FU-1,2024-08-13,OPEN
FU-1,2024-08-13,IN PROGRESS
FU-1,2024-08-13,REVIEW
FU-1,2024-08-13,DONE
FU-1,2024-08-13,REVIEW
FU-1,2024-08-13,DONE
FU-1,2024-08-13,REVIEW
FU-1,2024-08-13,DONE
FU-1,2024-08-13,REVIEW
FU-1,2024-08-13,DONE
FU-1,2024-08-20,APPROVED
FU-1,2024-12-11,TERMINATED
